year,city,city_tier,n_stations,mean_S1,median_S1,std_S1,min_S1,max_S1,mean_S2,median_S2,std_S2,gini_S1,equality,efficiency,pct_HH,pct_HL,pct_LH,pct_LL
2000,Beijing,Tier-1,39,39400.1,33424.2,16046.0,12045.7,76913.5,2584470.8,2969333.2,793497.1,0.2237,0.7763,0.0355,0.1026,0.1282,0.2564,0.5128
2000,Guangzhou,Tier-1,16,72681.7,62061.3,40551.9,14943.8,146210.9,2503841.7,2591576.5,144138.3,0.3061,0.6939,0.0,0.0,0.75,0.0,0.25
2000,Shanghai,Tier-1,43,63394.4,63538.7,27774.3,12645.6,140204.3,4776422.2,5255569.0,1157233.5,0.2425,0.7575,1.0,0.6047,0.0465,0.2791,0.0698
2001,Beijing,Tier-1,39,40793.8,35059.2,16532.6,12847.3,79110.9,2672754.0,3070904.0,818625.8,0.2227,0.7773,0.0462,0.1026,0.1282,0.2564,0.5128
2001,Guangzhou,Tier-1,16,74316.1,63035.3,41487.2,15216.0,150731.8,2561762.3,2652156.6,148289.2,0.3061,0.6939,0.0,0.0,0.75,0.0,0.25
2001,Shanghai,Tier-1,43,66008.2,67272.9,28485.5,13327.1,144221.1,4965918.1,5474755.9,1197635.2,0.2388,0.7612,1.0,0.6047,0.0465,0.2791,0.0698
2002,Beijing,Tier-1,47,43737.6,36557.0,18953.5,13454.4,108704.4,2904338.1,3540969.5,1155202.9,0.2304,0.7696,0.2287,0.0213,0.234,0.0851,0.6596
2002,Changchun,Tier-2,15,74752.0,42421.1,66354.3,6781.9,185125.6,2242558.6,2242558.6,0.0,0.4764,0.5236,0.0,0.0,0.4667,0.0,0.5333
2002,Guangzhou,Tier-1,24,83359.8,73559.8,42053.3,15954.8,156546.0,4218781.0,4281136.6,131669.3,0.2809,0.7191,0.6829,0.7917,0.0,0.2083,0.0
2002,Shanghai,Tier-1,43,68257.7,68950.2,30044.2,12702.7,152609.1,5136614.1,5652282.4,1244615.7,0.2432,0.7568,1.0,0.5581,0.0698,0.2791,0.093
2003,Beijing,Tier-1,64,41028.7,36551.2,23299.1,2633.2,118986.4,3070048.4,4116620.8,1734879.3,0.3102,0.6898,0.647,0.2969,0.1094,0.125,0.4688
2003,Changchun,Tier-2,15,75281.7,44026.3,66778.5,6522.7,188270.3,2258451.6,2258451.6,0.0,0.4768,0.5232,0.4703,0.0,0.5333,0.0,0.4667
2003,Dalian,Tier-2,12,8488.8,6439.5,7680.4,663.8,23320.8,96956.9,119577.5,53996.9,0.4705,0.5295,0.0,0.0,0.0,0.0,1.0
2003,Guangzhou,Tier-1,30,76638.2,65176.5,46614.9,3763.6,161267.2,4692499.4,4866957.1,438800.5,0.3421,0.6579,1.0,0.7667,0.0,0.1333,0.1
2003,Shanghai,Tier-1,55,60105.8,53652.9,33937.4,6974.9,155151.6,4503111.1,5717923.9,2078948.2,0.3149,0.6851,0.9588,0.4909,0.0727,0.1273,0.3091
2004,Beijing,Tier-1,64,43035.9,38601.4,23672.2,2762.9,118338.1,3199476.7,4286438.8,1797486.1,0.3008,0.6992,0.6193,0.375,0.0469,0.2344,0.3438
2004,Changchun,Tier-2,15,75676.8,41621.4,67359.5,6964.8,189046.0,2270305.5,2270305.5,0.0,0.4771,0.5229,0.4337,0.0,0.4667,0.0,0.5333
2004,Dalian,Tier-2,12,8728.2,6530.7,7741.0,719.3,22285.2,98871.0,119942.8,56561.4,0.4634,0.5366,0.0,0.0,0.0,0.0,1.0
2004,Guangzhou,Tier-1,30,78904.2,67777.5,47959.2,4233.6,165576.8,4827934.2,5007149.6,450646.4,0.3419,0.6581,0.9446,0.7667,0.0,0.2,0.0333
2004,Shanghai,Tier-1,64,61748.7,55410.6,35891.3,7237.6,163230.3,5105458.8,6433413.0,2411414.4,0.3242,0.6758,1.0,0.5312,0.0156,0.2031,0.25
2004,Shenzhen,Tier-1,18,54881.6,60508.0,31207.8,15015.3,97083.1,2008138.9,2105212.8,234591.5,0.3112,0.6888,0.3814,0.0,0.5556,0.0,0.4444
2004,Tianjin,New Tier-1,13,20631.2,9885.8,24827.0,429.8,79499.6,182753.4,77179.5,157810.0,0.5802,0.4198,0.0168,0.0,0.1538,0.0,0.8462
2004,Wuhan,New Tier-1,13,88883.6,81946.1,45241.0,6269.1,175672.4,2217820.0,2310974.8,250965.1,0.2566,0.7434,0.4232,0.0,0.8462,0.0,0.1538
2005,Beijing,Tier-1,64,44222.6,40126.4,24389.0,2817.5,121725.3,3290013.0,4405707.2,1850892.4,0.301,0.699,0.3828,0.3594,0.0469,0.2812,0.3125
2005,Changchun,Tier-2,15,75066.5,41702.2,68328.5,5547.5,187939.0,2251995.4,2251995.4,0.0,0.4883,0.5117,0.2584,0.0,0.4667,0.0,0.5333
2005,Chongqing,New Tier-1,12,77709.6,80341.8,27957.2,30595.4,132311.8,2129654.1,2129654.1,0.0,0.1931,0.8069,0.2437,0.0,0.9167,0.0,0.0833
2005,Dalian,Tier-2,12,8484.8,6406.8,7702.3,691.2,22197.1,96166.6,116994.1,55824.8,0.47,0.53,0.0,0.0,0.0,0.0,1.0
2005,Guangzhou,Tier-1,39,67406.0,63286.6,50924.0,1319.3,167386.4,5010797.8,5778645.8,1575106.1,0.4244,0.5756,0.5891,0.6154,0.0,0.2821,0.1026
2005,Nanjing,New Tier-1,16,60925.2,36689.7,56870.1,5655.6,160475.1,1719945.4,1858136.3,407245.7,0.4897,0.5103,0.1946,0.0,0.4375,0.0,0.5625
2005,Shanghai,Tier-1,75,65299.0,57436.2,38625.6,7355.4,207657.9,8438953.5,10631158.2,3947000.7,0.3199,0.6801,1.0,0.56,0.0,0.28,0.16
2005,Shenzhen,Tier-1,18,56391.4,62809.0,31887.2,15231.2,99984.3,2065532.1,2162676.1,238611.1,0.3093,0.6907,0.2361,0.0,0.5556,0.0,0.4444
2005,Tianjin,New Tier-1,15,19624.7,9732.0,24157.8,377.8,81435.2,214038.4,80441.5,185173.3,0.5864,0.4136,0.0141,0.0,0.1333,0.0,0.8667
2005,Wuhan,New Tier-1,13,89937.8,83728.4,46155.2,6057.9,178533.0,2243991.5,2338382.0,254438.9,0.2577,0.7423,0.2574,0.5385,0.3077,0.0,0.1538
2006,Beijing,Tier-1,64,46198.7,41304.1,25609.8,2892.3,127974.9,3435542.8,4602547.7,1932414.9,0.3027,0.6973,0.3954,0.375,0.0469,0.25,0.3281
2006,Changchun,Tier-2,31,43604.0,13875.3,57087.3,1451.2,191343.8,1965345.5,2562779.0,1007108.3,0.611,0.389,0.2215,0.0,0.2258,0.1935,0.5806
2006,Chongqing,New Tier-1,21,61749.8,54889.0,32289.0,4552.2,133506.1,2262253.7,2521762.6,716481.2,0.2866,0.7134,0.2566,0.2857,0.4286,0.0476,0.2381
2006,Dalian,Tier-2,13,8003.9,5443.5,7815.8,813.2,22291.6,92698.1,104393.6,57848.6,0.5004,0.4996,0.0,0.0,0.0,0.0,1.0
2006,Guangzhou,Tier-1,57,57428.1,49043.8,51576.1,1412.0,173661.0,4940632.7,6457105.3,2622524.0,0.4958,0.5042,0.5734,0.5088,0.0,0.2632,0.2281
2006,Nanjing,New Tier-1,16,63054.6,37764.0,59102.8,5499.0,167537.8,1779918.6,1923140.2,421925.2,0.4914,0.5086,0.1996,0.0,0.4375,0.0,0.5625
2006,Shanghai,Tier-1,89,64798.1,59423.3,39968.3,2755.5,214086.9,8547244.0,10286371.0,4543371.8,0.3372,0.6628,1.0,0.5955,0.0112,0.191,0.2022
2006,Shenzhen,Tier-1,18,59342.7,65811.3,33329.1,16849.6,103195.5,2174127.4,2275845.6,249821.9,0.3057,0.6943,0.2462,0.0,0.5556,0.0,0.4444
2006,Tianjin,New Tier-1,39,46469.6,51146.8,38220.8,468.7,125289.8,1973039.9,2417069.6,1254222.7,0.4578,0.5422,0.2224,0.3846,0.1538,0.0,0.4615
2006,Wuhan,New Tier-1,13,92071.1,86023.8,47297.0,6310.4,183893.8,2297010.7,2393848.7,260938.9,0.2594,0.7406,0.2607,0.0,0.8462,0.0,0.1538
2007,Beijing,Tier-1,83,49139.0,44324.3,25001.7,3157.6,131947.8,5078141.1,6837887.8,2767507.0,0.2816,0.7184,0.4344,0.4217,0.0361,0.253,0.2892
2007,Changchun,Tier-2,31,44020.8,14005.2,57630.8,1262.8,193231.6,1982913.5,2585245.7,1016581.6,0.6117,0.3883,0.1647,0.0,0.2258,0.0,0.7742
2007,Chongqing,New Tier-1,21,61035.3,56189.2,31488.5,4563.3,130245.9,2234358.6,2491406.5,707858.5,0.2828,0.7172,0.1866,0.0,0.6667,0.0,0.3333
2007,Dalian,Tier-2,13,8137.0,5883.6,7907.1,758.3,22188.5,93575.2,104126.6,58620.4,0.4953,0.5047,0.0,0.0,0.0,0.0,1.0
2007,Guangzhou,Tier-1,59,56983.8,47612.3,53231.2,1497.2,177602.6,4897786.0,6621777.2,2802259.1,0.5131,0.4869,0.4187,0.4915,0.0,0.2373,0.2712
2007,Nanjing,New Tier-1,16,64416.7,37838.5,60899.4,5904.7,172451.9,1820215.4,1965166.6,428634.5,0.4938,0.5062,0.1505,0.0,0.4375,0.0,0.5625
2007,Shanghai,Tier-1,150,61089.4,52134.2,40160.2,1067.0,221773.9,11566985.0,13245677.6,6582692.6,0.3609,0.6391,1.0,0.5667,0.0,0.2333,0.2
2007,Shenzhen,Tier-1,19,63673.0,69644.0,34709.0,17758.4,109638.2,2474902.0,2591350.0,257178.8,0.2976,0.7024,0.2076,0.0,0.5789,0.0,0.4211
2007,Tianjin,New Tier-1,39,47560.4,51948.7,39397.0,388.6,129384.4,2022802.3,2485939.7,1288342.9,0.4605,0.5395,0.1681,0.0513,0.4615,0.0256,0.4615
2007,Wuhan,New Tier-1,13,92891.8,86653.5,48488.3,6038.5,188408.6,2317701.3,2415188.1,263904.8,0.264,0.736,0.1939,0.0,0.8462,0.0,0.1538
2008,Beijing,Tier-1,106,51414.7,51664.5,25336.9,1881.9,136616.4,7693234.2,9823289.1,3915680.2,0.2737,0.7263,0.6335,0.4811,0.0283,0.2736,0.217
2008,Changchun,Tier-2,31,44309.3,14569.0,57982.9,1325.8,193483.0,1993504.4,2592127.0,1017066.1,0.6116,0.3884,0.1489,0.0,0.2258,0.0,0.7742
2008,Chongqing,New Tier-1,21,60910.3,54944.0,31459.1,4337.8,131571.6,2229920.9,2484525.0,706398.3,0.2823,0.7177,0.169,0.0,0.5714,0.0,0.4286
2008,Dalian,Tier-2,19,13759.0,6887.1,21156.6,753.6,94919.6,242481.6,307317.5,133415.7,0.5871,0.4129,0.0,0.0,0.0526,0.0,0.9474
2008,Guangzhou,Tier-1,59,58629.2,51129.3,54519.3,1735.3,182572.0,5031482.1,6805823.5,2876149.3,0.5111,0.4889,0.4072,0.4915,0.0169,0.1864,0.3051
2008,Nanjing,New Tier-1,16,66123.7,39285.4,62319.3,5664.7,176213.1,1868581.2,2017200.8,440020.8,0.493,0.507,0.1383,0.0,0.4375,0.0,0.5625
2008,Shanghai,Tier-1,150,63505.2,54090.4,41484.8,1010.0,229156.3,12004294.2,13757141.6,6828064.9,0.3594,0.6406,1.0,0.5533,0.0067,0.2267,0.2133
2008,Shenzhen,Tier-1,19,68405.2,82893.7,37983.4,17563.6,121725.9,2679329.1,2800068.4,267883.9,0.3036,0.6964,0.2072,0.0,0.5789,0.0,0.4211
2008,Tianjin,New Tier-1,39,49258.1,54114.0,41154.7,480.3,134339.1,2095357.0,2570740.4,1335517.2,0.4634,0.5366,0.1575,0.0,0.5128,0.0,0.4872
2008,Wuhan,New Tier-1,13,95056.6,88259.7,49175.1,6509.3,191654.7,2371033.4,2471471.6,271020.0,0.2622,0.7378,0.181,0.0,0.8462,0.0,0.1538
2009,Beijing,Tier-1,126,53420.3,52224.8,25124.0,2016.8,144092.6,9586545.0,11609244.0,4671226.4,0.2604,0.7396,0.577,0.4683,0.0317,0.2063,0.2937
2009,Changchun,Tier-2,31,44728.7,14559.4,58262.6,1203.4,197539.3,2015158.1,2621667.4,1026785.6,0.6093,0.3907,0.1089,0.0,0.2258,0.0,0.7742
2009,Chongqing,New Tier-1,21,61011.6,52526.5,31979.1,4248.6,132638.3,2235780.0,2486371.1,705006.2,0.287,0.713,0.1225,0.0,0.5714,0.0,0.4286
2009,Dalian,Tier-2,19,14434.9,7486.8,22194.4,764.5,99398.9,253910.2,317621.8,137854.6,0.5893,0.4107,0.0,0.0,0.0526,0.0,0.9474
2009,Guangzhou,Tier-1,80,63609.4,50159.7,56833.1,1871.7,243583.7,7182966.1,9419296.8,4014791.2,0.4866,0.5134,0.4284,0.4625,0.025,0.1625,0.35
2009,Nanjing,New Tier-1,16,67800.0,39416.5,63968.5,6021.0,182705.2,1914832.4,2064682.9,449329.4,0.4924,0.5076,0.1027,0.0,0.4375,0.0,0.5625
2009,Shanghai,Tier-1,196,62684.4,56424.8,41687.4,930.5,237935.3,16429373.6,18205450.7,10042685.2,0.3668,0.6332,1.0,0.5357,0.0204,0.2143,0.2296
2009,Shenzhen,Tier-1,22,69794.3,68064.1,40474.1,17216.6,133780.2,2768916.1,3005892.5,686047.7,0.3214,0.6786,0.1555,0.0,0.5909,0.0,0.4091
2009,Tianjin,New Tier-1,39,50938.4,56559.0,42801.2,472.2,138949.3,2168675.9,2651013.3,1383244.4,0.4657,0.5343,0.1184,0.0,0.5128,0.0,0.4872
2009,Wuhan,New Tier-1,13,97520.1,91198.7,50015.6,7174.3,195013.8,2432847.5,2535521.6,275519.3,0.2603,0.7397,0.1347,0.0,0.8462,0.0,0.1538
2010,Beijing,Tier-1,174,43772.7,42429.9,29667.6,1218.4,148410.1,7676731.0,8329187.8,5862194.1,0.3815,0.6185,0.3447,0.4368,0.0402,0.1667,0.3563
2010,Changchun,Tier-2,31,44905.2,14242.5,58956.3,1008.4,198058.2,2024373.3,2640779.7,1037834.7,0.6138,0.3862,0.0823,0.0,0.2258,0.0,0.7742
2010,Chengdu,New Tier-1,16,58309.2,51319.5,32680.6,15367.0,143995.5,3371848.0,3581168.8,522108.3,0.2916,0.7084,0.1449,0.0,0.75,0.0,0.25
2010,Chongqing,New Tier-1,21,59987.5,52337.9,31010.2,4157.0,128957.7,2197084.2,2443411.9,692685.8,0.283,0.717,0.0904,0.0,0.7619,0.0,0.2381
2010,Dalian,Tier-2,19,14227.8,7263.0,21969.9,799.8,98198.9,250741.7,315796.1,137719.2,0.5921,0.4079,0.0,0.0,0.0526,0.0,0.9474
2010,Guangzhou,Tier-1,128,56032.6,38412.3,56667.8,0.0,250477.1,9191597.1,11741178.3,5931916.7,0.4911,0.5089,0.4151,0.4297,0.0156,0.2812,0.2734
2010,Nanjing,New Tier-1,51,47658.7,23291.3,54514.9,1866.0,203664.0,3304572.9,4535989.0,1986678.4,0.5674,0.4326,0.1418,0.3725,0.0196,0.098,0.5098
2010,Shanghai,Tier-1,242,60883.9,55091.8,44583.2,1072.6,247233.0,21791063.8,23539547.0,14200783.2,0.4034,0.5966,1.0,0.5744,0.0165,0.2025,0.2066
2010,Shenyang,New Tier-1,22,62284.5,69421.3,48031.9,1510.5,158641.5,2172659.6,2337648.9,587092.2,0.426,0.574,0.0892,0.0,0.5909,0.0,0.4091
2010,Shenzhen,Tier-1,48,48494.5,30627.6,39703.4,8668.0,135065.7,2119086.1,1674641.8,1295758.9,0.4307,0.5693,0.0867,0.0,0.375,0.0,0.625
2010,Tianjin,New Tier-1,39,52316.0,57540.7,43667.6,405.2,142025.0,2225028.9,2715722.3,1416890.8,0.4635,0.5365,0.0917,0.0,0.5385,0.0,0.4615
2010,Wuhan,New Tier-1,25,71005.1,63137.6,48532.8,3600.7,200272.1,2686985.9,3075542.9,812054.5,0.3602,0.6398,0.1131,0.0,0.68,0.0,0.32
2011,Beijing,Tier-1,191,44230.8,41043.6,30219.9,1375.6,154443.7,7941255.0,8024130.8,6086719.3,0.3838,0.6162,0.3473,0.4346,0.0366,0.1518,0.377
2011,Changchun,Tier-2,43,43318.0,15028.5,53681.6,216.1,198957.1,3017312.6,3650266.1,1149470.5,0.6031,0.3969,0.1247,0.0,0.2791,0.0,0.7209
2011,Chengdu,New Tier-1,16,60008.3,54470.6,33416.8,16526.4,148076.1,3469298.1,3681077.6,536946.5,0.2889,0.7111,0.1451,0.0,0.75,0.0,0.25
2011,Chongqing,New Tier-1,59,50228.8,47101.6,33859.3,1737.7,128639.2,4733174.2,5731755.2,2224877.3,0.3823,0.6177,0.2022,0.4746,0.0847,0.1695,0.2712
2011,Dalian,Tier-2,19,14673.1,7895.5,22565.2,818.1,101238.0,259897.8,324747.9,143015.7,0.5869,0.4131,0.0,0.0,0.0526,0.0,0.9474
2011,Guangzhou,Tier-1,129,57562.1,41534.9,57891.4,0.0,256202.5,9564634.7,12304083.0,6137838.5,0.4889,0.5111,0.4206,0.4651,0.0155,0.2403,0.2791
2011,Nanjing,New Tier-1,52,48019.2,23006.6,55458.9,1849.4,210688.3,3415459.4,4665959.7,2023499.5,0.5718,0.4282,0.1427,0.0,0.4038,0.0,0.5962
2011,Shanghai,Tier-1,245,62626.4,57125.2,46081.9,1035.2,256235.9,22379831.8,24142879.9,14834651.0,0.4059,0.5941,1.0,0.5714,0.0163,0.1837,0.2286
2011,Shenyang,New Tier-1,41,54295.4,54108.4,44574.8,1800.5,160093.8,3614251.7,4321571.3,1174617.5,0.455,0.545,0.1516,0.0,0.5366,0.0,0.4634
2011,Shenzhen,Tier-1,117,55124.8,41917.9,38482.2,7253.5,141604.1,7226107.2,8023417.7,4108976.6,0.387,0.613,0.3149,0.359,0.1197,0.2564,0.265
2011,Tianjin,New Tier-1,41,55143.4,58632.0,44857.5,299.4,147145.0,2565836.7,3160924.7,1586477.9,0.4533,0.5467,0.1042,0.0,0.561,0.0,0.439
2011,Wuhan,New Tier-1,25,72287.9,62525.3,49252.0,3783.1,202261.6,2731534.8,3132415.9,823240.3,0.3588,0.6412,0.1117,0.0,0.64,0.0,0.36
2011,Xian,New Tier-1,17,46574.4,31224.4,49806.1,5105.3,184025.4,1321477.5,1503463.2,371508.6,0.5131,0.4869,0.048,0.0,0.3529,0.0,0.6471
2012,Beijing,Tier-1,224,48094.7,47712.1,30937.2,1302.3,161415.1,10801372.5,11529239.2,7731870.9,0.3631,0.6369,0.4605,0.4732,0.0446,0.1741,0.308
2012,Changchun,Tier-2,47,42449.7,17807.0,51882.6,403.4,202893.8,3287784.5,3914674.6,1196455.6,0.5894,0.4106,0.1396,0.0,0.2766,0.0,0.7234
2012,Chengdu,New Tier-1,35,57421.5,55975.4,33684.1,6991.2,148861.5,5481832.7,5827350.2,952475.5,0.3166,0.6834,0.2333,0.1143,0.4857,0.0571,0.3429
2012,Chongqing,New Tier-1,85,45634.5,39948.1,33073.2,2115.7,127907.7,5091448.9,6507385.9,2813535.8,0.4101,0.5899,0.2166,0.3765,0.1176,0.1647,0.3412
2012,Dalian,Tier-2,19,14804.3,8208.0,22588.5,837.8,101420.0,262608.9,325674.3,144443.5,0.583,0.417,0.0104,0.0,0.0526,0.0,0.9474
2012,Guangzhou,Tier-1,129,59289.3,43966.2,59489.6,0.0,262771.0,9854869.2,12670434.2,6321307.8,0.488,0.512,0.42,0.4729,0.0155,0.2171,0.2946
2012,Hangzhou,New Tier-1,24,37369.9,28724.0,35285.8,4179.0,126444.1,1185892.9,1521250.0,535378.3,0.496,0.504,0.0498,0.0,0.3333,0.0,0.6667
2012,Kunming,Tier-2,4,3085.2,3141.8,1709.2,1467.3,4590.0,18539.4,16930.9,4279.0,0.2462,0.7538,0.0,0.0,0.0,0.0,1.0
2012,Nanjing,New Tier-1,52,49592.7,24415.1,57474.1,1629.8,217425.2,3530197.5,4818497.3,2089411.2,0.5731,0.4269,0.15,0.0,0.4038,0.0,0.5962
2012,Shanghai,Tier-1,253,64751.9,59274.9,47330.0,644.6,265690.7,23436505.6,25115281.5,15609675.8,0.4033,0.5967,1.0,0.5731,0.0237,0.1818,0.2213
2012,Shenyang,New Tier-1,41,55218.2,57734.3,45101.9,1790.1,162967.2,3671921.4,4388274.8,1192967.1,0.4528,0.5472,0.156,0.0,0.5366,0.0,0.4634
2012,Shenzhen,Tier-1,117,58114.4,43384.3,40504.2,7630.5,155960.6,7600780.6,8391894.8,4330903.2,0.3862,0.6138,0.3238,0.359,0.1368,0.2393,0.265
2012,Suzhou,New Tier-1,24,26125.5,14326.6,32773.2,1688.5,124891.2,999185.3,1122631.4,301131.1,0.5722,0.4278,0.0419,0.0,0.1667,0.0,0.8333
2012,Tianjin,New Tier-1,79,53594.8,50091.6,45028.2,355.1,190935.6,6174414.1,7502894.0,3051021.2,0.4652,0.5348,0.2629,0.4937,0.0253,0.1519,0.3291
2012,Wuhan,New Tier-1,45,70664.1,64451.3,44247.0,4081.8,204855.9,4724925.1,5351103.5,1633148.2,0.3361,0.6639,0.201,0.0,0.6889,0.0,0.3111
2012,Xian,New Tier-1,17,47566.1,32190.7,51246.7,5067.2,189457.0,1349420.0,1536246.2,380546.8,0.5152,0.4848,0.0568,0.0,0.3529,0.0,0.6471
2013,Beijing,Tier-1,235,50144.7,49826.1,32435.7,1438.6,169860.9,11582343.2,12213230.6,8291652.1,0.365,0.635,0.4571,0.5106,0.0426,0.1447,0.3021
2013,Changchun,Tier-2,47,42887.2,17616.1,52481.7,440.2,204423.6,3322713.1,3959721.0,1211025.3,0.5908,0.4092,0.1234,0.0,0.2979,0.0,0.7021
2013,Chengdu,New Tier-1,42,52535.2,46764.6,34329.6,6447.2,155199.1,5262692.1,5960299.9,1553983.4,0.3469,0.6531,0.2017,0.4286,0.0952,0.0714,0.4048
2013,Chongqing,New Tier-1,94,43387.2,37897.8,33201.6,1240.9,128114.2,4835983.6,6243999.5,2974563.4,0.4314,0.5686,0.1845,0.3511,0.1064,0.1702,0.3723
2013,Dalian,Tier-2,19,15112.2,8685.0,23279.4,850.2,104611.1,269012.8,334235.0,149641.5,0.5862,0.4138,0.0,0.0,0.0526,0.0,0.9474
2013,Guangzhou,Tier-1,143,62248.6,46482.1,59963.7,0.0,266566.5,12811517.0,16117773.7,7787535.4,0.4764,0.5236,0.5067,0.5035,0.021,0.2308,0.2448
2013,Hangzhou,New Tier-1,25,37125.0,23475.5,35929.4,4091.7,131048.2,1252492.7,1597752.6,559818.2,0.5036,0.4964,0.0397,0.0,0.36,0.0,0.64
2013,Harbin,Tier-2,18,61846.7,56049.5,37693.4,16636.6,125273.8,2056789.5,2151357.5,226046.0,0.3338,0.6662,0.0722,0.0,0.6111,0.0,0.3889
2013,Kunming,Tier-2,23,18421.1,13831.0,23710.4,1537.9,113521.5,840648.2,1099765.1,636767.2,0.5374,0.4626,0.0231,0.0,0.087,0.0,0.913
2013,Nanjing,New Tier-1,52,50931.7,24916.2,59433.0,1571.2,222733.7,3630086.0,4963152.1,2152613.1,0.5767,0.4233,0.1358,0.0,0.4038,0.0,0.5962
2013,Shanghai,Tier-1,288,62996.3,56995.6,48645.6,592.2,276815.8,25021315.4,26798024.0,17806781.2,0.4251,0.5749,1.0,0.5729,0.0243,0.1771,0.2257
2013,Shenyang,New Tier-1,70,35302.7,11352.4,43108.6,1145.4,164647.5,2782326.8,3019355.5,1767709.2,0.6133,0.3867,0.1015,0.0,0.3143,0.0,0.6857
2013,Shenzhen,Tier-1,117,59789.0,44051.3,41486.1,8218.2,159436.8,7802872.9,8618813.2,4447941.1,0.3844,0.6156,0.3044,0.3846,0.1453,0.2308,0.2393
2013,Suzhou,New Tier-1,44,27041.4,19241.1,27331.6,1735.8,127718.5,1952713.0,2280111.9,688679.9,0.4925,0.5075,0.068,0.0,0.2273,0.0,0.7727
2013,Tianjin,New Tier-1,83,53456.6,50498.1,46525.7,485.2,194662.4,6320507.5,7831597.2,3283519.1,0.4808,0.5192,0.2445,0.5181,0.012,0.1566,0.3133
2013,Wuhan,New Tier-1,59,68560.6,61178.7,44629.7,3368.9,208325.8,5919182.1,6572220.4,2014728.0,0.3519,0.6481,0.2283,0.5424,0.1864,0.0339,0.2373
2013,Xian,New Tier-1,35,65174.6,29147.7,65129.3,5726.5,234049.4,3911429.9,4480374.7,1140682.8,0.5173,0.4827,0.1472,0.0,0.4,0.0,0.6
2013,Zhengzhou,New Tier-1,20,49909.8,49342.0,32717.2,5507.7,116630.7,1575538.2,1798611.0,474593.9,0.3638,0.6362,0.0528,0.0,0.6,0.0,0.4
2014,Beijing,Tier-1,270,52443.3,50574.5,34682.9,1523.0,176478.3,13685136.5,14601263.3,9447672.9,0.3714,0.6286,0.5114,0.6,0.0444,0.1148,0.2407
2014,Changchun,Tier-2,47,43264.9,17796.2,52910.7,411.4,206880.5,3352391.5,3993445.8,1220885.9,0.5897,0.4103,0.1193,0.0,0.3617,0.0,0.6383
2014,Changsha,New Tier-1,20,52486.4,59626.1,43044.9,2872.3,152766.6,1903143.7,2054541.3,277495.2,0.4392,0.5608,0.0643,0.0,0.55,0.0,0.45
2014,Chengdu,New Tier-1,48,49567.4,41027.0,35310.6,5742.8,158593.7,4801508.4,5934986.5,2229241.5,0.3787,0.6213,0.1743,0.4792,0.0417,0.125,0.3542
2014,Chongqing,New Tier-1,109,38913.8,30262.9,33134.6,814.4,128084.0,4657413.7,5674446.4,3061626.6,0.4732,0.5268,0.1688,0.367,0.055,0.1651,0.4128
2014,Dalian,Tier-2,26,12523.9,6939.0,20686.2,661.4,106046.3,209557.9,178445.0,168206.5,0.5918,0.4082,0.0,0.0,0.0385,0.0,0.9615
2014,Guangzhou,Tier-1,152,60806.3,43102.9,60773.1,0.0,275425.0,13406156.1,16714312.8,7852622.0,0.4938,0.5062,0.5008,0.5066,0.0263,0.2566,0.2105
2014,Hangzhou,New Tier-1,38,32288.8,21858.4,32070.4,2124.8,134142.1,1398156.7,1685790.3,641406.3,0.5069,0.4931,0.0451,0.0,0.3421,0.0,0.6579
2014,Harbin,Tier-2,18,62896.1,57789.0,38080.3,17239.5,126382.0,2090516.0,2187592.2,231901.4,0.332,0.668,0.0714,0.0,0.6111,0.0,0.3889
2014,Kunming,Tier-2,36,39579.9,18184.4,55803.0,1490.5,213651.2,2276388.8,3101551.7,1480955.4,0.6128,0.3872,0.0784,0.0,0.2222,0.0,0.7778
2014,Nanjing,New Tier-1,102,31072.6,13159.9,45761.4,1227.6,223670.3,2844545.3,2002749.3,2422615.2,0.6124,0.3876,0.1,0.1863,0.0196,0.1569,0.6373
2014,Ningbo,New Tier-1,20,30301.6,18109.9,26032.7,6332.0,86944.6,1073246.7,1136811.3,173257.0,0.4375,0.5625,0.0328,0.0,0.35,0.0,0.65
2014,Shanghai,Tier-1,292,65060.0,59545.2,50091.2,774.4,286033.4,26559858.1,28246563.6,18887641.6,0.4235,0.5765,1.0,0.589,0.0308,0.1712,0.2089
2014,Shenyang,New Tier-1,70,35686.9,11458.2,43511.5,1105.8,166575.7,2813011.1,3053749.8,1785285.6,0.6127,0.3873,0.0988,0.0,0.3286,0.0,0.6714
2014,Shenzhen,Tier-1,117,63284.8,46265.6,43979.4,7561.9,170521.2,8244280.3,9079529.6,4683154.9,0.3852,0.6148,0.3049,0.4188,0.1538,0.1966,0.2308
2014,Suzhou,New Tier-1,53,23869.8,16628.6,26766.4,437.9,130620.6,1877552.6,2302032.0,841348.0,0.5344,0.4656,0.0633,0.0,0.2264,0.0,0.7736
2014,Tianjin,New Tier-1,84,54123.5,48623.2,47693.2,605.7,201257.4,6412772.5,7998669.8,3397158.9,0.4862,0.5138,0.2354,0.5357,0.0,0.1786,0.2857
2014,Wuhan,New Tier-1,76,62039.6,53578.1,44517.1,863.5,212934.8,6452676.7,7158966.8,2590226.5,0.3883,0.6117,0.2369,0.6579,0.0263,0.0658,0.25
2014,Wuxi,Tier-2,43,37112.0,34426.2,30271.3,2483.9,113531.2,2739291.4,3092956.9,831672.3,0.4458,0.5542,0.096,0.0,0.4186,0.0,0.5814
2014,Xian,New Tier-1,39,56387.9,26863.4,57336.9,4844.5,215158.3,3420599.5,4103307.7,1244587.9,0.5155,0.4845,0.1219,0.0,0.3846,0.0,0.6154
2014,Zhengzhou,New Tier-1,20,51500.1,50771.5,34023.5,5916.8,120208.9,1623563.3,1853383.4,493914.5,0.3663,0.6337,0.0537,0.0,0.6,0.0,0.4
2015,Beijing,Tier-1,280,43715.1,46489.4,18069.7,2853.5,85544.8,11022794.0,12079450.3,7463606.8,0.2329,0.7671,0.4684,0.4214,0.0357,0.2714,0.2714
2015,Changchun,Tier-2,47,43871.0,48861.6,20149.3,1114.0,75066.9,3463920.3,3825409.8,911292.4,0.2563,0.7437,0.1193,0.0,0.5319,0.0,0.4681
2015,Changsha,New Tier-1,23,52837.6,48534.8,27077.2,8856.8,90803.7,1981865.3,1953540.5,387877.6,0.2863,0.7137,0.0508,0.0,0.5217,0.0,0.4783
2015,Chengdu,New Tier-1,67,64507.2,68978.0,28958.8,7287.9,116629.4,7292547.7,9106260.3,3357585.6,0.2544,0.7456,0.2961,0.5821,0.1045,0.1493,0.1642
2015,Chongqing,New Tier-1,113,51637.8,49275.6,28170.1,2432.9,114325.3,5759921.6,6747427.4,3594039.7,0.3104,0.6896,0.2253,0.4513,0.0708,0.1327,0.3451
2015,Dalian,Tier-2,60,42749.7,44419.3,25300.6,2440.8,91423.8,2819837.7,3969793.2,1811515.4,0.3379,0.6621,0.0895,0.0,0.4167,0.0,0.5833
2015,Guangzhou,Tier-1,156,64749.2,63105.5,38363.6,0.0,138656.3,14178872.6,17792899.3,7843778.6,0.2902,0.7098,0.6142,0.6154,0.0256,0.1667,0.1923
2015,Hangzhou,New Tier-1,47,40775.1,41521.8,17235.2,7574.4,79718.2,2505885.0,2977471.9,1045165.0,0.2375,0.7625,0.075,0.0,0.3617,0.0,0.6383
2015,Harbin,Tier-2,18,78476.0,83259.5,19024.1,43131.5,99582.9,2592369.8,2672933.7,281191.0,0.1318,0.8682,0.079,0.0,0.8889,0.0,0.1111
2015,Kunming,Tier-2,36,40462.0,41259.8,25857.3,3355.2,83726.1,2254116.0,2845704.2,1310759.8,0.3607,0.6393,0.0634,0.0,0.3889,0.0,0.6111
2015,Nanchang,Tier-2,24,51578.8,54925.7,21361.3,4224.6,84733.4,2104822.5,2293468.3,510213.1,0.2296,0.7704,0.0565,0.0,0.5417,0.0,0.4583
2015,Nanjing,New Tier-1,127,31273.6,28593.7,20905.6,1265.5,87536.8,3355141.8,3865009.0,2342675.8,0.368,0.632,0.1142,0.1732,0.0079,0.2362,0.5827
2015,Ningbo,New Tier-1,42,31992.2,31879.8,15788.2,4167.1,67854.5,2298236.6,2502751.3,503880.5,0.2771,0.7229,0.0654,0.0,0.1905,0.0,0.8095
2015,Qingdao,New Tier-1,10,44080.5,46633.7,14483.3,18769.2,64410.0,881611.0,881611.0,0.0,0.1766,0.8234,0.0,0.0,0.5,0.0,0.5
2015,Shanghai,Tier-1,305,53821.6,51212.4,31187.6,1156.9,126228.6,22532006.5,24791486.4,15709244.1,0.3324,0.6676,1.0,0.5246,0.0066,0.2426,0.2262
2015,Shenyang,New Tier-1,80,29969.5,23488.3,23865.1,1645.9,77775.9,2516754.0,2532024.0,1219988.5,0.4391,0.5609,0.0755,0.0,0.25,0.0,0.75
2015,Shenzhen,Tier-1,117,77847.7,76132.3,30167.7,9226.4,149798.9,9087318.2,10476964.9,4337429.2,0.219,0.781,0.379,0.6667,0.1624,0.1282,0.0427
2015,Suzhou,New Tier-1,53,31725.2,31993.1,15415.6,1828.2,59528.4,2335843.1,2766475.9,991630.2,0.2764,0.7236,0.0672,0.0,0.1887,0.0,0.8113
2015,Tianjin,New Tier-1,84,48638.7,47338.9,29897.4,489.0,109769.3,5569245.0,7013150.7,2874384.9,0.3514,0.6486,0.2165,0.5,0.0,0.2024,0.2976
2015,Wuhan,New Tier-1,97,54929.6,61123.8,21800.8,5065.7,90498.7,6922885.5,7580217.6,2623960.1,0.2222,0.7778,0.279,0.6289,0.0515,0.134,0.1856
2015,Wuxi,Tier-2,43,35136.5,32305.0,18401.7,6797.5,69419.7,2507136.4,2811565.4,737530.0,0.2954,0.7046,0.0751,0.0,0.2791,0.0,0.7209
2015,Xian,New Tier-1,39,64411.6,61361.6,23906.2,7630.6,110203.1,3572701.7,4104881.5,1281155.3,0.2083,0.7917,0.1243,0.0256,0.7179,0.0,0.2564
2015,Zhengzhou,New Tier-1,20,67591.3,78893.4,30588.5,10444.6,103332.1,2131015.2,2286030.9,525027.0,0.2472,0.7528,0.0577,0.0,0.75,0.0,0.25
2016,Beijing,Tier-1,291,43339.9,45834.7,18255.2,2867.7,85973.0,10930560.1,12114822.5,7557722.3,0.2378,0.7622,0.4715,0.4227,0.0309,0.2646,0.2818
2016,Changchun,Tier-2,47,44093.1,49102.9,20243.8,1133.9,75436.5,3481420.5,3844500.5,915746.9,0.2562,0.7438,0.1335,0.0,0.5319,0.0,0.4681
2016,Changsha,New Tier-1,46,51870.9,51757.2,25262.6,8542.7,91272.4,3643395.5,4042683.9,1257765.4,0.2771,0.7229,0.1409,0.0435,0.5,0.0,0.4565
2016,Chengdu,New Tier-1,81,66201.0,73292.1,27868.2,7316.9,117250.9,9541833.8,11852224.5,4197052.1,0.2376,0.7624,0.4085,0.642,0.0864,0.1605,0.1111
2016,Chongqing,New Tier-1,118,50834.3,48988.3,28388.4,2443.5,115046.0,5603245.5,6468569.4,3648993.4,0.3176,0.6824,0.2298,0.4407,0.0763,0.1186,0.3644
2016,Dalian,Tier-2,60,42969.3,44651.8,25429.9,2453.2,91871.4,2834261.8,3990145.4,1820735.6,0.3379,0.6621,0.1042,0.0,0.4167,0.0,0.5833
2016,Dongguan,New Tier-1,15,34026.4,34506.1,11607.6,8507.6,50675.9,538259.7,564840.8,118503.3,0.1835,0.8165,0.0,0.0,0.2,0.0,0.8
2016,Fuzhou,Tier-2,10,49318.3,40318.2,25440.8,18720.7,103113.8,961998.9,986365.8,64973.7,0.2643,0.7357,0.0192,0.0,0.4,0.0,0.6
2016,Guangzhou,Tier-1,173,60498.7,58496.7,39386.8,0.0,139258.8,13184861.7,16388410.2,8322462.9,0.3145,0.6855,0.5738,0.5549,0.0231,0.1676,0.2543
2016,Hangzhou,New Tier-1,47,40982.0,41736.0,17319.9,7612.4,80095.6,2518331.9,2992110.4,1050241.0,0.2374,0.7626,0.0898,0.0,0.383,0.0,0.617
2016,Harbin,Tier-2,18,78881.3,83699.3,19114.8,43379.6,100100.3,2605728.5,2686685.4,282641.6,0.1317,0.8683,0.0938,0.0,0.8889,0.0,0.1111
2016,Hefei,Tier-2,24,37428.2,30599.3,29876.3,2566.3,89258.0,1175040.7,1473121.0,535352.5,0.4393,0.5607,0.0289,0.0,0.4583,0.0,0.5417
2016,Kunming,Tier-2,39,38180.2,33174.1,26461.9,3371.7,84160.6,2142865.7,2559038.3,1338813.8,0.3899,0.6101,0.0728,0.0,0.359,0.0,0.641
2016,Nanchang,Tier-2,24,51848.4,55220.5,21473.8,4245.1,85165.1,2115859.7,2305442.3,512779.4,0.2296,0.7704,0.0716,0.0,0.5417,0.0,0.4583
2016,Nanjing,New Tier-1,127,31439.1,28743.1,21012.3,1277.0,87966.7,3372773.3,3885312.4,2354948.6,0.368,0.632,0.1286,0.1732,0.0079,0.2362,0.5827
2016,Nanning,Tier-2,25,53686.9,55665.3,27352.9,11058.8,96015.5,1853973.4,1934787.8,592926.9,0.285,0.715,0.0597,0.0,0.6,0.0,0.4
2016,Ningbo,New Tier-1,51,29870.5,24824.1,16627.0,4313.7,70580.7,2038161.8,2499838.4,923185.5,0.3114,0.6886,0.0681,0.0,0.1569,0.0,0.8431
2016,Qingdao,New Tier-1,21,48441.9,50187.4,18376.4,18869.2,76047.9,1727247.5,1629219.6,244076.1,0.2122,0.7878,0.0539,0.0,0.5714,0.0,0.4286
2016,Shanghai,Tier-1,306,53932.7,50972.1,31433.7,1162.2,126949.0,22578014.2,24840712.3,15813860.3,0.3344,0.6656,1.0,0.5261,0.0065,0.2386,0.2288
2016,Shenyang,New Tier-1,80,30123.0,23615.0,23983.2,1656.0,78154.1,2529592.6,2544946.9,1226071.0,0.439,0.561,0.0904,0.0,0.25,0.0,0.75
2016,Shenzhen,Tier-1,165,79069.0,77323.6,32569.8,611.3,158741.7,14598613.6,17402524.4,7923983.3,0.2325,0.7675,0.638,0.703,0.1273,0.1273,0.0424
2016,Suzhou,New Tier-1,67,27875.7,27095.5,16332.8,1358.2,59832.4,2267110.7,2623213.3,1088855.3,0.334,0.666,0.0784,0.0,0.1493,0.0,0.8507
2016,Tianjin,New Tier-1,106,48175.8,48698.6,28794.9,492.8,110357.0,7323419.0,9140340.7,3600867.0,0.3419,0.6581,0.3079,0.5094,0.0,0.2264,0.2642
2016,Wuhan,New Tier-1,126,51824.2,55043.4,25024.9,3142.5,95605.2,8732812.2,9985041.9,3719857.0,0.2753,0.7247,0.3718,0.5635,0.0317,0.2302,0.1746
2016,Wuxi,Tier-2,43,35313.5,32478.6,18489.9,6828.1,69761.7,2519717.9,2825630.4,741237.0,0.2953,0.7047,0.0899,0.0,0.2791,0.0,0.7209
2016,Xian,New Tier-1,63,58400.1,61373.3,27681.7,3458.9,110731.5,5237655.8,6228227.1,2026413.4,0.2669,0.7331,0.2132,0.5714,0.0952,0.0794,0.254
2016,Zhengzhou,New Tier-1,35,66427.0,69825.2,28216.8,10492.2,103774.9,4003918.6,4312529.1,945242.5,0.2381,0.7619,0.1572,0.1429,0.6286,0.0,0.2286
2017,Beijing,Tier-1,314,41859.9,44422.5,18951.9,2889.8,86466.4,10436349.8,10703867.6,7745372.7,0.2571,0.7429,0.4688,0.4427,0.0318,0.2134,0.3121
2017,Changchun,Tier-2,59,45123.1,49550.0,20936.0,1141.3,80031.4,4663024.6,5254014.1,1267457.9,0.2603,0.7397,0.1979,0.5763,0.0339,0.1186,0.2712
2017,Changsha,New Tier-1,46,52173.3,52056.7,25406.4,8592.6,91803.5,3664549.5,4066161.9,1265048.1,0.2771,0.7229,0.151,0.0652,0.5217,0.0,0.413
2017,Chengdu,New Tier-1,123,62783.4,63422.6,26387.6,7357.4,117954.7,12366042.3,14806407.3,6001634.6,0.2386,0.7614,0.5593,0.626,0.0894,0.1707,0.1138
2017,Chongqing,New Tier-1,140,47881.9,45365.4,28561.5,1564.3,115870.1,6346452.8,6855573.5,3981468.3,0.3388,0.6612,0.2769,0.4143,0.0786,0.1786,0.3286
2017,Dalian,Tier-2,68,42418.0,42969.8,24732.3,2466.9,92396.3,3147963.1,4214846.5,1930378.9,0.3325,0.6675,0.1268,0.25,0.2059,0.0882,0.4559
2017,Dongguan,New Tier-1,15,34222.5,34714.2,11672.9,8563.3,50973.9,541348.9,568067.0,119154.1,0.1835,0.8165,0.0045,0.0,0.2,0.0,0.8
2017,Fuzhou,Tier-2,21,64752.2,63620.9,29464.8,18840.5,114821.5,2043362.4,2319996.1,547350.4,0.2534,0.7466,0.075,0.0,0.6667,0.0,0.3333
2017,Guangzhou,Tier-1,212,53670.5,47264.9,39448.0,0.0,139950.6,11128391.2,12559619.3,8974652.6,0.3744,0.6256,0.5012,0.4811,0.0377,0.1226,0.3585
2017,Guiyang,Tier-2,10,22297.8,21879.6,13545.9,5801.1,41596.7,445955.9,445955.9,0.0,0.3279,0.6721,0.0,0.0,0.0,0.0,1.0
2017,Hangzhou,New Tier-1,65,44390.4,44127.8,19206.5,7660.2,80510.2,3358455.1,4215409.7,1619413.2,0.2452,0.7548,0.1367,0.2308,0.2462,0.0462,0.4769
2017,Harbin,Tier-2,21,75903.9,77787.1,20347.9,36823.4,100688.7,2926721.4,3005549.9,352957.5,0.1482,0.8518,0.1164,0.0,0.9048,0.0,0.0952
2017,Hefei,Tier-2,49,42911.4,49408.1,26456.9,2641.4,89723.3,2448672.0,3116182.4,1326482.3,0.3495,0.6505,0.094,0.0,0.5306,0.0,0.4694
2017,Kunming,Tier-2,57,41865.3,41971.2,26549.0,3398.9,84640.6,3487707.9,4245777.6,1990589.3,0.3605,0.6395,0.1427,0.3333,0.1228,0.0877,0.4561
2017,Nanchang,Tier-2,40,37446.4,32580.1,27545.0,1207.3,85684.0,2133220.4,2622636.1,1029154.8,0.4146,0.5854,0.0792,0.0,0.4,0.0,0.6
2017,Nanjing,New Tier-1,164,26498.1,23961.8,20776.6,86.9,84555.5,3527323.2,3267442.4,2708013.5,0.4303,0.5697,0.1446,0.1585,0.0,0.2622,0.5793
2017,Nanning,Tier-2,42,55741.3,57057.9,25681.6,4254.6,105170.3,3531574.3,3908949.9,1244690.4,0.2588,0.7412,0.1448,0.119,0.5476,0.0,0.3333
2017,Ningbo,New Tier-1,51,30042.1,24969.7,16713.3,4342.2,70973.8,2049684.8,2513937.4,928350.4,0.3112,0.6888,0.0752,0.0,0.2157,0.0,0.7843
2017,Qingdao,New Tier-1,37,44621.6,43764.0,17856.6,18990.6,76477.6,2957949.4,3130555.3,478583.5,0.2262,0.7738,0.1179,0.0,0.4865,0.0,0.5135
2017,Shanghai,Tier-1,326,52322.2,48439.0,31716.4,1178.1,127772.7,21758199.5,23611795.1,16140698.8,0.3469,0.6531,1.0,0.5153,0.0153,0.2209,0.2485
2017,Shenyang,New Tier-1,80,30302.6,23761.8,24119.6,1683.8,78599.6,2544640.6,2560229.4,1233114.0,0.4389,0.5611,0.0985,0.0,0.25,0.0,0.75
2017,Shenzhen,Tier-1,165,79533.6,77789.6,32765.1,626.4,159574.5,14685784.4,17506530.5,7972331.1,0.2325,0.7675,0.6682,0.7273,0.1394,0.103,0.0303
2017,Shijiazhuang,Tier-2,30,51783.8,57435.8,29209.1,3830.1,88907.5,2243366.7,2828535.6,984116.9,0.31,0.69,0.0843,0.0,0.6333,0.0,0.3667
2017,Suzhou,New Tier-1,101,26098.0,22663.1,17320.2,1091.4,63076.3,3068503.2,3762530.8,1735400.3,0.377,0.623,0.1231,0.1485,0.0297,0.0594,0.7624
2017,Tianjin,New Tier-1,106,48463.8,49012.5,28961.2,509.0,111035.7,7366961.6,9194556.8,3622227.3,0.3418,0.6582,0.3247,0.5283,0.0,0.2075,0.2642
2017,Wuhan,New Tier-1,152,47985.7,53521.9,27218.0,276.8,96158.4,9222718.8,10859139.3,4820176.7,0.3244,0.6756,0.4118,0.5461,0.0197,0.2105,0.2237
2017,Wuxi,Tier-2,43,35519.4,32688.0,18590.2,6870.0,70147.8,2534299.4,2841992.9,745510.1,0.2952,0.7048,0.098,0.0,0.3256,0.0,0.6744
2017,Xiamen,Tier-2,24,53213.7,55124.8,36329.0,4770.8,105155.4,1565390.7,2173067.0,837047.8,0.3751,0.6249,0.0525,0.0,0.5,0.0,0.5
2017,Xian,New Tier-1,63,58747.7,61787.5,27839.7,3494.8,111368.4,5268652.8,6264712.4,2038402.9,0.2669,0.7331,0.2263,0.6032,0.1111,0.0476,0.2381
2017,Zhengzhou,New Tier-1,57,49758.1,42186.2,31943.8,1349.1,104281.0,2853662.7,3652446.6,1862571.5,0.3637,0.6363,0.113,0.193,0.2807,0.0,0.5263
2018,Beijing,Tier-1,331,41760.2,44133.9,18953.0,2915.1,86939.4,10864081.9,10962211.4,8005567.1,0.2579,0.7421,0.4955,0.4804,0.0363,0.1903,0.2931
2018,Changchun,Tier-2,86,41034.4,46791.8,24457.2,813.6,80430.6,5755774.7,7021630.8,2289337.1,0.3396,0.6604,0.2502,0.5349,0.0,0.186,0.2791
2018,Changsha,New Tier-1,46,52455.3,52335.2,25532.7,8643.8,92288.2,3684120.3,4087731.9,1271763.2,0.277,0.723,0.1508,0.087,0.5,0.0,0.413
2018,Chengdu,New Tier-1,156,57394.7,56548.3,28090.4,2194.6,118597.0,10835409.7,14159033.0,6978710.1,0.2789,0.7211,0.4941,0.5256,0.1474,0.141,0.1859
2018,Chongqing,New Tier-1,161,48939.4,47389.9,28020.5,1604.4,116633.2,8230684.1,9641600.5,4977080.5,0.3257,0.6743,0.369,0.472,0.0932,0.1925,0.2422
2018,Dalian,Tier-2,69,42515.9,41270.5,24710.7,2480.7,92894.9,3201088.7,4204376.9,1948657.9,0.3314,0.6686,0.1276,0.2899,0.2029,0.0725,0.4348
2018,Dongguan,New Tier-1,15,34407.9,34912.6,11730.1,8618.9,51247.5,544265.6,571087.9,119773.7,0.1834,0.8166,0.0,0.0,0.2,0.0,0.8
2018,Fuzhou,Tier-2,21,65108.8,63940.5,29616.2,18956.8,115433.1,2054551.9,2332755.2,550250.1,0.2533,0.7467,0.0725,0.0,0.7143,0.0,0.2857
2018,Guangzhou,Tier-1,235,50547.9,43664.9,39606.6,0.0,140589.5,10483728.7,9574727.4,9338374.2,0.405,0.595,0.4772,0.4511,0.0511,0.0979,0.4
2018,Guiyang,Tier-2,24,52353.2,41231.9,41356.6,3920.1,139926.5,1828915.5,2039097.8,637549.7,0.4266,0.5734,0.0617,0.0,0.4583,0.0,0.5417
2018,Hangzhou,New Tier-1,73,43563.2,43050.7,18795.4,7711.3,80889.9,3629086.4,4440995.0,1741523.2,0.2449,0.7551,0.1481,0.2877,0.1918,0.1233,0.3973
2018,Harbin,Tier-2,21,76322.0,78197.4,20446.8,37043.8,101231.8,2942874.9,3022205.8,354935.8,0.1481,0.8519,0.1152,0.0,0.9524,0.0,0.0476
2018,Hefei,Tier-2,49,43139.1,49647.3,26567.8,2676.0,90123.7,2461181.9,3131793.3,1332836.9,0.3492,0.6508,0.092,0.0,0.5306,0.0,0.4694
2018,Kunming,Tier-2,57,42088.5,42217.2,26679.2,3431.9,85078.8,3505956.3,4267385.8,2000927.2,0.3603,0.6397,0.1422,0.3333,0.1228,0.0877,0.4561
2018,Nanchang,Tier-2,40,37654.4,32746.9,27682.9,1219.2,86175.0,2144948.5,2636925.6,1034489.0,0.4143,0.5857,0.0769,0.0,0.4,0.0,0.6
2018,Nanjing,New Tier-1,172,25737.2,23367.5,20878.4,99.1,85009.9,3387613.9,2682362.0,2755940.3,0.4439,0.5561,0.1365,0.1686,0.0,0.2442,0.5872
2018,Nanning,Tier-2,42,56023.0,57340.5,25787.2,4286.9,105647.4,3548764.8,3927784.1,1250687.8,0.2586,0.7414,0.1443,0.1429,0.5476,0.0238,0.2857
2018,Ningbo,New Tier-1,51,30204.1,25102.4,16792.8,4370.6,71331.3,2060548.9,2527227.1,933216.8,0.311,0.689,0.0728,0.0,0.2157,0.0,0.7843
2018,Qingdao,New Tier-1,77,26475.0,22261.0,22995.5,290.0,76880.3,1809909.5,2274220.4,1557940.1,0.4838,0.5162,0.0608,0.0,0.2597,0.0,0.7403
2018,Shanghai,Tier-1,345,51003.3,46347.5,31861.1,1197.8,128547.1,21371998.1,23212612.9,16487915.1,0.3564,0.6436,1.0,0.5072,0.0174,0.2145,0.2609
2018,Shenyang,New Tier-1,84,29567.6,20448.7,24033.5,1715.9,79014.1,2467687.8,2162552.1,1287214.3,0.4453,0.5547,0.0923,0.0,0.25,0.0,0.75
2018,Shenzhen,Tier-1,165,79976.0,78259.8,32946.2,636.6,160366.4,14768881.9,17606296.8,8018246.4,0.2325,0.7675,0.683,0.7455,0.1394,0.0848,0.0303
2018,Shijiazhuang,Tier-2,30,52074.3,57751.7,29361.6,3855.9,89375.3,2255875.2,2844278.7,989468.5,0.3099,0.6901,0.0822,0.0,0.6333,0.0,0.3667
2018,Suzhou,New Tier-1,117,24536.2,21774.9,17079.6,1098.4,63418.6,2920543.5,3365846.2,1799750.6,0.3926,0.6074,0.1141,0.1709,0.0171,0.0769,0.735
2018,Tianjin,New Tier-1,140,46169.8,44560.3,28119.1,515.1,111674.1,9704419.1,11560853.4,4472180.6,0.3486,0.6514,0.4398,0.5143,0.0,0.3,0.1857
2018,Urumqi,Tier-3,19,54149.9,62115.8,20711.4,17799.4,87735.3,1563372.6,1680560.1,378309.4,0.2109,0.7891,0.0489,0.0,0.6316,0.0,0.3684
2018,Wuhan,New Tier-1,223,43493.5,44907.7,28155.7,278.7,96686.7,8770126.2,8429773.3,5851697.1,0.3714,0.6286,0.3949,0.4664,0.0359,0.1614,0.3363
2018,Wuxi,Tier-2,43,35717.0,32893.2,18684.2,6917.3,70511.8,2548248.5,2857690.2,749592.0,0.2951,0.7049,0.0962,0.0,0.3256,0.0,0.6744
2018,Xiamen,Tier-2,24,53508.7,55446.8,36516.5,4810.5,105724.7,1574033.7,2184849.6,841449.1,0.3749,0.6251,0.0494,0.0,0.5,0.0,0.5
2018,Xian,New Tier-1,88,56243.2,55927.9,28175.8,3524.6,111988.3,7046800.6,7986916.8,2691471.1,0.2851,0.7149,0.3122,0.6364,0.0455,0.1023,0.2159
2018,Zhengzhou,New Tier-1,57,50016.6,42411.0,32081.2,1382.7,104736.6,2867967.3,3670122.2,1871654.4,0.3634,0.6366,0.1116,0.2105,0.2632,0.0,0.5263
2019,Beijing,Tier-1,342,41184.6,43825.2,19294.1,38.6,87243.1,10712452.8,10397450.5,8040678.2,0.2668,0.7332,0.4931,0.4766,0.0439,0.1579,0.3216
2019,Changchun,Tier-2,86,41170.4,46948.0,24531.1,816.4,80683.8,5774545.9,7044443.6,2296721.8,0.3395,0.6605,0.26,0.5581,0.0,0.1163,0.3256
2019,Changsha,New Tier-1,66,48609.8,45142.2,25198.9,8675.2,92607.8,5090957.8,5647066.9,1689192.6,0.2959,0.7041,0.2277,0.4697,0.0455,0.1515,0.3333
2019,Changzhou,Tier-2,29,25304.9,28705.1,14772.7,1432.9,48456.1,979575.1,997186.5,315286.5,0.327,0.673,0.0336,0.0,0.1724,0.0,0.8276
2019,Chengdu,New Tier-1,202,52927.0,51869.3,28992.7,2228.3,119019.9,11804003.1,14671416.9,8135874.8,0.3134,0.6866,0.5447,0.5149,0.1188,0.1535,0.2129
2019,Chongqing,New Tier-1,167,49326.8,47819.6,27887.6,1620.9,117130.7,8717602.0,10098338.3,5271211.9,0.3216,0.6784,0.399,0.497,0.0958,0.1737,0.2335
2019,Dalian,Tier-2,69,42668.2,41407.4,24795.4,2489.8,93214.8,3212466.4,4219428.6,1955584.0,0.3313,0.6687,0.139,0.058,0.4348,0.0,0.5072
2019,Dongguan,New Tier-1,15,34526.3,35036.3,11767.0,8656.8,51425.4,546137.0,573034.4,120186.9,0.1833,0.8167,0.0132,0.0,0.2667,0.0,0.7333
2019,Fuzhou,Tier-2,42,57931.0,56378.5,31479.4,1986.0,115826.0,3743903.6,4373218.5,1288025.2,0.3079,0.6921,0.1641,0.0,0.6429,0.0,0.3571
2019,Guangzhou,Tier-1,244,50463.1,42713.8,39619.0,0.0,141000.7,10865860.1,10108177.2,9594022.3,0.4073,0.5927,0.5004,0.4549,0.0492,0.0984,0.3975
2019,Guiyang,Tier-2,25,50671.6,40776.4,41678.9,3937.3,140494.2,1783945.8,2040506.0,681571.2,0.443,0.557,0.0716,0.0,0.48,0.0,0.52
2019,Hangzhou,New Tier-1,84,42240.2,42578.3,18810.0,7743.3,81137.0,3879782.7,4568208.7,1835991.8,0.2537,0.7463,0.1706,0.3095,0.2143,0.0595,0.4167
2019,Harbin,Tier-2,26,67905.7,68666.6,26627.2,16377.4,101584.6,2770497.7,2999620.4,732413.3,0.2188,0.7812,0.1182,0.0,0.8077,0.0,0.1923
2019,Hefei,Tier-2,80,44500.2,48932.9,25973.1,2060.5,94634.6,4384878.8,4928070.6,2050223.4,0.3334,0.6666,0.1944,0.4125,0.15,0.0625,0.375
2019,Hohhot,Tier-3,20,33235.3,35765.5,19001.9,5566.3,61855.7,1075398.4,1189968.1,261127.3,0.3197,0.6803,0.0382,0.0,0.35,0.0,0.65
2019,Jinan,Tier-2,24,16599.4,14125.7,13280.9,1878.0,41080.9,324783.2,229486.8,219841.8,0.4344,0.5656,0.0027,0.0,0.0,0.0,1.0
2019,Kunming,Tier-2,57,42235.2,42372.8,26765.4,3454.1,85370.8,3517988.1,4281683.7,2007755.5,0.3603,0.6397,0.1535,0.2456,0.2807,0.0175,0.4561
2019,Lanzhou,Tier-3,20,73226.0,67224.6,25126.6,25317.0,117098.3,2078179.8,2157943.5,569927.9,0.1864,0.8136,0.0855,0.0,0.9,0.0,0.1
2019,Nanchang,Tier-2,50,45957.6,47460.1,30690.7,1239.7,100799.8,3976351.0,5127358.9,1845340.3,0.3798,0.6202,0.1751,0.36,0.16,0.02,0.46
2019,Nanjing,New Tier-1,172,25832.1,23447.7,20948.9,99.3,85310.8,3400018.5,2692260.6,2765990.4,0.4438,0.5562,0.1479,0.1744,0.0058,0.1919,0.6279
2019,Nanning,Tier-2,63,50087.2,50968.4,25080.5,4308.7,105965.8,4993496.2,5391953.3,1513774.4,0.2838,0.7162,0.2231,0.4603,0.1587,0.0952,0.2857
2019,Ningbo,New Tier-1,69,29290.9,24463.3,17110.6,1195.9,69371.7,2814676.4,3524283.0,1327026.1,0.3308,0.6692,0.1203,0.0,0.2609,0.0,0.7391
2019,Qingdao,New Tier-1,80,27741.9,22412.3,23442.3,300.4,77144.1,1999975.7,2606172.1,1679132.9,0.4738,0.5262,0.0818,0.0,0.3,0.0,0.7
2019,Shanghai,Tier-1,345,51185.2,46503.3,31975.1,1202.8,129046.9,21448690.1,23297178.0,16547210.6,0.3564,0.6436,1.0,0.5304,0.0203,0.1855,0.2638
2019,Shenyang,New Tier-1,105,30566.0,24011.8,23193.1,1729.3,79278.7,3761666.7,4198950.7,1685509.3,0.42,0.58,0.165,0.2,0.0762,0.1143,0.6095
2019,Shenzhen,Tier-1,180,77936.9,77867.4,34262.4,639.6,160867.4,14829151.0,16919648.1,7698256.9,0.249,0.751,0.6875,0.7278,0.1278,0.1333,0.0111
2019,Shijiazhuang,Tier-2,31,50847.5,57687.8,30013.9,3871.0,89683.1,2242705.2,2871275.2,983828.9,0.3256,0.6744,0.0933,0.0,0.6452,0.0,0.3548
2019,Suzhou,New Tier-1,151,24495.7,22563.1,15773.4,1112.5,63634.0,4016456.3,4786519.0,2285330.5,0.3631,0.6369,0.177,0.1722,0.0,0.2781,0.5497
2019,Tianjin,New Tier-1,144,45076.0,43948.9,28809.4,236.5,112088.5,9483819.2,11121388.3,4679019.7,0.3659,0.6341,0.4351,0.5417,0.0,0.2431,0.2153
2019,Urumqi,Tier-3,21,55708.8,62313.1,20878.0,17870.8,88054.3,1797526.3,1876010.1,434570.5,0.208,0.792,0.0722,0.0,0.6667,0.0,0.3333
2019,Wenzhou,Tier-3,18,16977.9,13742.8,13639.9,0.1,38917.1,267200.2,268167.8,124000.9,0.4433,0.5567,0.0,0.0,0.0,0.0,1.0
2019,Wuhan,New Tier-1,242,42715.8,41222.3,28073.1,282.5,97024.4,8654412.6,8042267.6,5777415.2,0.3771,0.6229,0.396,0.4628,0.0289,0.1488,0.3595
2019,Wuxi,Tier-2,46,34304.2,30133.9,19073.1,6669.3,70749.7,2439338.9,2864465.5,887625.1,0.3127,0.6873,0.1025,0.0,0.3261,0.0,0.6739
2019,Xiamen,Tier-2,54,45282.2,35863.5,30494.7,2050.2,106085.6,3132330.8,3844360.3,1659067.0,0.3764,0.6236,0.1353,0.0,0.3889,0.0,0.6111
2019,Xian,New Tier-1,96,53459.0,53671.8,30007.5,3418.0,113149.0,6616551.8,7636531.7,3190834.8,0.3209,0.6791,0.2998,0.5938,0.0521,0.0729,0.2812
2019,Xuzhou,Tier-3,18,42621.8,49879.3,22989.2,3705.2,70978.8,1377485.9,1486692.7,229657.1,0.2959,0.7041,0.0524,0.0,0.6111,0.0,0.3889
2019,Zhengzhou,New Tier-1,97,51704.1,47369.5,30842.4,1391.8,105028.0,5793203.8,6773453.4,3296457.0,0.3406,0.6594,0.2609,0.5464,0.0309,0.0619,0.3608
2020,Beijing,Tier-1,362,40275.8,41974.8,19663.9,38.8,87467.4,10731887.5,10093475.7,8234932.9,0.2785,0.7215,0.503,0.4724,0.0552,0.1381,0.3343
2020,Changchun,Tier-2,86,41272.0,47063.8,24581.9,828.3,80867.3,5788376.1,7061190.0,2302093.3,0.3393,0.6607,0.2654,0.5465,0.0116,0.1047,0.3372
2020,Changsha,New Tier-1,105,47863.6,46810.3,25094.3,38.4,92847.8,7784394.1,9147792.3,2975662.6,0.3001,0.6999,0.3613,0.5048,0.0476,0.2571,0.1905
2020,Changzhou,Tier-2,29,25372.1,28780.0,14809.3,1440.8,48577.3,982157.4,999804.7,316099.1,0.3269,0.6731,0.0343,0.0,0.1724,0.0,0.8276
2020,Chengdu,New Tier-1,282,49887.0,48470.5,29924.5,877.3,118610.3,15597281.4,17239363.5,10931801.4,0.3439,0.6561,0.7369,0.5213,0.0887,0.1809,0.2092
2020,Chongqing,New Tier-1,174,47868.4,46748.4,28619.3,346.9,117482.6,8528627.6,10020791.5,5430564.7,0.3404,0.6596,0.3971,0.4885,0.0977,0.1609,0.2529
2020,Dalian,Tier-2,69,42781.5,41507.0,24855.9,2496.1,93443.3,3220893.1,4230627.8,1960701.2,0.3313,0.6687,0.142,0.0,0.5507,0.0,0.4493
2020,Dongguan,New Tier-1,15,34613.5,35124.7,11794.4,8682.2,51553.7,547511.6,574462.2,120481.8,0.1833,0.8167,0.0134,0.0,0.2667,0.0,0.7333
2020,Fuzhou,Tier-2,46,54088.1,50378.5,32867.6,1992.8,116118.2,3539221.0,4359761.3,1462792.4,0.3443,0.6557,0.1573,0.0,0.587,0.0,0.413
2020,Guangzhou,Tier-1,273,48293.1,39848.1,39335.6,0.0,141300.8,10773425.8,7895926.4,9920862.7,0.4266,0.5734,0.505,0.4432,0.0476,0.0842,0.4249
2020,Guiyang,Tier-2,25,50802.8,40878.0,41785.3,3948.4,140909.4,1788569.5,2045855.9,683246.8,0.443,0.557,0.0731,0.0,0.52,0.0,0.48
2020,Hangzhou,New Tier-1,162,31980.1,30002.7,20578.1,1748.2,81333.5,4358784.7,4087184.6,3318252.9,0.3652,0.6348,0.1967,0.284,0.0864,0.1543,0.4753
2020,Harbin,Tier-2,26,68081.0,68840.8,26691.2,16422.5,101845.1,2777691.2,3007451.8,734286.5,0.2187,0.7813,0.1207,0.0,0.8077,0.0,0.1923
2020,Hefei,Tier-2,94,40049.5,38585.2,26893.6,906.5,94862.2,4322241.5,4932606.1,2237112.2,0.3836,0.6164,0.1949,0.3511,0.1383,0.0745,0.4362
2020,Hohhot,Tier-3,43,31562.6,31906.4,17439.2,5594.5,62003.7,2402382.6,2630626.2,513775.1,0.3138,0.6862,0.1026,0.0,0.3488,0.0,0.6512
2020,Jinan,Tier-2,24,16651.5,14193.1,13311.9,1882.6,41188.3,325782.3,230197.0,220441.5,0.4341,0.5659,0.0028,0.0,0.0417,0.0,0.9583
2020,Kunming,Tier-2,83,41636.4,40837.6,25057.1,3495.5,85601.3,5035951.3,6238106.6,2743252.0,0.3438,0.6562,0.2292,0.4819,0.0361,0.0723,0.4096
2020,Lanzhou,Tier-3,20,73418.0,67386.4,25191.4,25394.5,117436.4,2083610.3,2163626.4,571440.7,0.1864,0.8136,0.0873,0.0,0.9,0.0,0.1
2020,Nanchang,Tier-2,70,48388.5,49604.8,28747.7,1244.8,101054.8,5548889.8,7172025.8,2688293.6,0.3397,0.6603,0.2539,0.5429,0.0286,0.1571,0.2714
2020,Nanjing,New Tier-1,172,25903.7,23505.8,21000.0,99.5,85529.9,3409325.5,2699774.2,2773471.7,0.4436,0.5564,0.151,0.1744,0.0291,0.1686,0.6279
2020,Nanning,Tier-2,83,44074.4,43448.7,26531.8,4368.5,106204.2,5374021.9,5601099.6,1769296.7,0.341,0.659,0.2455,0.4096,0.1205,0.0964,0.3735
2020,Ningbo,New Tier-1,98,27952.8,23974.1,17446.3,1199.9,69531.3,3660270.1,4780612.6,1969685.5,0.354,0.646,0.1631,0.0,0.2653,0.0,0.7347
2020,Qingdao,New Tier-1,103,25633.4,21425.1,22209.4,49.4,77335.9,1878773.2,1867056.2,1742584.0,0.4833,0.5167,0.0774,0.0,0.2621,0.0,0.7379
2020,Shanghai,Tier-1,358,50421.7,44287.8,31839.4,1210.8,129416.8,21069038.6,21091670.9,16569830.7,0.3591,0.6409,1.0,0.5223,0.0251,0.1816,0.2709
2020,Shenyang,New Tier-1,122,32243.7,25321.4,23068.4,1739.8,79468.4,4807893.7,5443451.3,2187577.3,0.4024,0.5976,0.2183,0.3361,0.0164,0.1557,0.4918
2020,Shenzhen,Tier-1,236,73822.8,74188.5,33563.6,641.5,161237.8,15394049.7,14925812.0,9699309.9,0.2575,0.7425,0.7272,0.678,0.1483,0.1271,0.0466
2020,Shijiazhuang,Tier-2,48,54141.3,62673.8,26773.9,3881.7,89905.9,4397245.9,5228623.0,1590872.9,0.2716,0.7284,0.1985,0.0,0.7292,0.0,0.2708
2020,Suzhou,New Tier-1,151,24561.3,22639.9,15811.8,1121.4,63796.1,4026974.6,4798991.5,2291168.3,0.363,0.637,0.1807,0.1788,0.0,0.1987,0.6225
2020,Taiyuan,Tier-2,23,64733.1,70121.9,25238.2,5545.2,99413.0,2158553.3,2270488.6,568432.4,0.212,0.788,0.0909,0.0,0.8261,0.0,0.1739
2020,Tianjin,New Tier-1,144,45197.2,44077.3,28881.5,237.2,112396.2,9509003.2,11150679.8,4691388.2,0.3658,0.6342,0.4443,0.5694,0.0,0.2014,0.2292
2020,Urumqi,Tier-3,21,55850.7,62463.7,20918.6,17957.2,88289.9,1802062.8,1880519.5,435587.4,0.2079,0.7921,0.0738,0.0,0.7143,0.0,0.2857
2020,Wenzhou,Tier-3,18,17024.0,13779.3,13674.8,0.1,39023.7,267924.8,268912.9,124327.0,0.4433,0.5567,0.0,0.0,0.0,0.0,1.0
2020,Wuhan,New Tier-1,242,42830.5,41335.2,28137.5,299.0,97271.5,8677305.3,8063510.9,5792448.4,0.377,0.623,0.4043,0.4587,0.0537,0.1322,0.3554
2020,Wuxi,Tier-2,65,33099.2,30716.6,18024.0,2416.4,70923.5,3418416.1,4042511.9,1235177.5,0.3076,0.6924,0.1515,0.0,0.3538,0.0,0.6462
2020,Xiamen,Tier-2,54,45403.6,35957.8,30568.2,2064.5,106350.8,3140585.4,3854385.6,1663330.0,0.3763,0.6237,0.1381,0.0,0.4074,0.0,0.5926
2020,Xian,New Tier-1,153,47268.4,43999.6,32199.9,2183.4,113372.3,7847617.0,8640050.6,5173742.2,0.3889,0.6111,0.3644,0.5098,0.0196,0.1111,0.3595
2020,Xuzhou,Tier-3,37,35312.4,34498.9,21622.8,1366.0,71146.1,2375959.0,2597477.7,519512.7,0.3474,0.6526,0.1013,0.0,0.4324,0.0,0.5676
2020,Zhengzhou,New Tier-1,133,52234.0,47821.2,31175.8,1398.3,113982.4,9485454.5,11024957.6,4595020.1,0.3422,0.6578,0.4431,0.5639,0.0301,0.1729,0.2331
2021,Beijing,Tier-1,379,40073.8,41672.8,19766.2,38.9,87546.3,11573262.9,11179909.6,8854309.3,0.2813,0.7187,0.4667,0.4828,0.0633,0.1293,0.3245
2021,Changchun,Tier-2,89,40761.5,46959.6,24704.1,829.0,80932.0,5901964.5,7308007.5,2415930.1,0.3455,0.6545,0.2326,0.5393,0.0225,0.0899,0.3483
2021,Changsha,New Tier-1,105,47907.0,46854.5,25115.4,38.5,92932.8,7791410.8,9155996.7,2978336.0,0.3,0.7,0.3105,0.5524,0.0476,0.2095,0.1905
2021,Changzhou,Tier-2,43,25733.4,28519.6,14071.8,1444.8,48620.2,1701906.7,1911656.3,557235.2,0.3104,0.6896,0.0592,0.0,0.2558,0.0,0.7442
2021,Chengdu,New Tier-1,283,49766.4,48476.3,30028.6,878.8,118720.0,15556490.9,17156963.7,10961626.3,0.346,0.654,0.6311,0.5336,0.106,0.1449,0.2155
2021,Chongqing,New Tier-1,189,48030.8,45950.8,28211.4,350.8,117611.3,9084527.2,10328778.5,5713220.1,0.3346,0.6654,0.3639,0.5026,0.1058,0.1429,0.2487
2021,Dalian,Tier-2,80,38038.7,35124.7,26223.7,326.4,93527.1,2801222.1,3446968.0,2110075.1,0.3927,0.6073,0.1046,0.0,0.4875,0.0,0.5125
2021,Dongguan,New Tier-1,15,34644.6,35157.7,11803.3,8691.1,51597.3,548002.0,574980.9,120591.0,0.1833,0.8167,0.0116,0.0,0.4667,0.0,0.5333
2021,Foshan,New Tier-1,26,25925.0,25984.3,13666.5,5207.6,49908.2,1036965.0,1047633.3,273724.4,0.295,0.705,0.0317,0.0,0.2308,0.0,0.7692
2021,Fuzhou,Tier-2,46,54137.2,50426.7,32895.8,1994.8,116222.8,3542408.6,4363665.3,1464089.7,0.3443,0.6557,0.1352,0.0,0.587,0.0,0.413
2021,Guangzhou,Tier-1,278,48202.4,39721.5,39196.7,0.0,141403.7,11077455.6,8583251.5,10191952.6,0.4303,0.5697,0.4462,0.446,0.0576,0.0719,0.4245
2021,Guiyang,Tier-2,55,51249.4,42108.0,36441.4,3975.5,141177.3,4145989.2,4576806.1,1297821.4,0.3809,0.6191,0.1601,0.0,0.5273,0.0,0.4727
2021,Hangzhou,New Tier-1,205,28194.5,22520.3,21057.9,0.0,81401.4,4080675.6,2725566.0,3698346.6,0.383,0.617,0.1574,0.2439,0.0976,0.1122,0.5463
2021,Harbin,Tier-2,62,63983.3,65792.8,29414.4,1566.1,111959.9,6682602.6,7562393.9,2229826.7,0.2602,0.7398,0.2648,0.7258,0.0645,0.0645,0.1452
2021,Hefei,Tier-2,128,35509.5,31311.5,26102.2,907.6,94942.7,6304851.8,6719944.8,3264828.4,0.4176,0.5824,0.2492,0.3906,0.0469,0.1562,0.4062
2021,Hohhot,Tier-3,43,31590.8,31935.1,17453.2,5599.6,62055.6,2404507.4,2632936.3,514228.8,0.3138,0.6862,0.0882,0.0,0.3953,0.0,0.6047
2021,Jinan,Tier-2,40,26680.1,24871.9,18975.2,1884.3,62385.4,1001503.1,1172309.8,532043.7,0.3996,0.6004,0.0303,0.0,0.3,0.0,0.7
2021,Kunming,Tier-2,83,41674.2,40874.6,25078.5,3501.8,85683.5,5040441.1,6243594.1,2745664.3,0.3438,0.6562,0.197,0.4458,0.0723,0.0723,0.4096
2021,Lanzhou,Tier-3,20,73484.8,67444.2,25213.9,25421.6,117557.2,2085503.4,2165611.2,571961.3,0.1864,0.8136,0.075,0.0,0.9,0.0,0.1
2021,Luoyang,Tier-3,33,39874.6,45862.2,18708.9,2150.5,72118.7,2396361.7,2582775.7,479451.7,0.2615,0.7385,0.0878,0.0,0.6061,0.0,0.3939
2021,Nanchang,Tier-2,94,44641.6,39533.9,29271.0,1250.9,101145.6,7017121.3,9041808.9,3431270.5,0.3744,0.6256,0.2786,0.4894,0.0319,0.2128,0.266
2021,Nanjing,New Tier-1,188,25022.4,21757.3,21075.9,99.3,86934.4,3304043.2,2457212.9,2821743.8,0.4582,0.5418,0.1253,0.1809,0.0266,0.1117,0.6809
2021,Nanning,Tier-2,96,45143.1,43178.0,26720.9,4374.2,106209.6,6752164.2,7177777.5,2249071.0,0.3355,0.6645,0.2676,0.5,0.0521,0.1562,0.2917
2021,Ningbo,New Tier-1,117,27410.8,24547.0,16365.0,1202.7,69588.0,4570062.0,5593960.4,2216159.0,0.3373,0.6627,0.1776,0.2308,0.0085,0.094,0.6667
2021,Qingdao,New Tier-1,126,27602.5,23814.1,22488.9,49.5,77403.3,2504280.8,2040002.8,2252052.3,0.4591,0.5409,0.0923,0.0159,0.2857,0.0,0.6984
2021,Shanghai,Tier-1,408,50425.5,44279.5,31019.7,1212.5,129546.0,24493978.3,24952010.6,18391060.1,0.3499,0.6501,1.0,0.5319,0.027,0.2083,0.2328
2021,Shenyang,New Tier-1,123,32547.8,25538.4,23194.4,1743.5,79536.3,4900886.1,5604437.1,2241735.6,0.4012,0.5988,0.1912,0.3171,0.0488,0.1138,0.5203
2021,Shenzhen,Tier-1,240,72996.1,73919.1,34056.4,655.5,161367.6,15188290.4,13983732.7,9775242.3,0.2645,0.7355,0.6159,0.675,0.1542,0.1042,0.0667
2021,Shijiazhuang,Tier-2,61,50153.3,56729.1,26573.1,3885.6,89986.6,4933648.7,5955843.9,1896451.9,0.2984,0.7016,0.1926,0.3443,0.3443,0.0,0.3115
2021,Suzhou,New Tier-1,181,24431.1,22808.4,15395.2,1122.5,63853.1,4693255.2,5582327.7,2744819.8,0.3561,0.6439,0.1827,0.1878,0.0,0.2652,0.547
2021,Taiyuan,Tier-2,23,64789.3,70178.9,25258.7,5552.4,99504.8,2160417.5,2272474.7,568918.6,0.212,0.788,0.0781,0.0,0.8696,0.0,0.1304
2021,Tianjin,New Tier-1,167,43058.0,42062.2,29225.2,237.4,112503.3,10361229.1,12556115.3,5459309.5,0.388,0.612,0.4166,0.5389,0.006,0.2096,0.2455
2021,Urumqi,Tier-3,21,55898.2,62515.5,20934.0,17973.9,88372.0,1803588.1,1882064.2,435939.2,0.2078,0.7922,0.0634,0.0,0.7143,0.0,0.2857
2021,Wenzhou,Tier-3,18,17039.9,13792.1,13687.3,0.1,39061.5,268175.6,269169.0,124443.3,0.4433,0.5567,0.0,0.0,0.0556,0.0,0.9444
2021,Wuhan,New Tier-1,290,40904.4,38852.1,27846.5,0.0,97358.8,9528443.0,8863221.4,6732337.2,0.3888,0.6112,0.3822,0.4586,0.0517,0.1379,0.3517
2021,Wuhu,Tier-3,35,30146.9,23733.9,20377.7,3097.2,65963.2,1658869.1,1945587.4,576001.6,0.3724,0.6276,0.0574,0.0,0.3143,0.0,0.6857
2021,Wuxi,Tier-2,79,31874.1,31555.7,17495.2,2419.3,70985.8,4192117.5,4854458.0,1438080.4,0.3105,0.6895,0.162,0.0,0.3544,0.0,0.6456
2021,Xiamen,Tier-2,70,44125.8,36016.7,32040.5,2068.1,106445.1,4209977.1,5637940.0,2546664.8,0.4107,0.5893,0.1627,0.3571,0.0857,0.0286,0.5286
2021,Xian,New Tier-1,164,44933.4,39686.2,32444.5,2117.3,113472.0,7495747.2,8181248.4,5230944.2,0.4102,0.5898,0.2983,0.4756,0.0366,0.0915,0.3963
2021,Xuzhou,Tier-3,53,34264.7,35049.8,19729.9,1368.4,71204.9,3293388.2,3633003.1,820666.2,0.3278,0.6722,0.1249,0.0,0.3962,0.0,0.6038
2021,Zhengzhou,New Tier-1,135,51797.7,47544.6,31214.8,1400.7,114057.1,9471818.3,11033799.5,4594839.7,0.3453,0.6547,0.3799,0.563,0.037,0.163,0.237
2022,Beijing,Tier-1,385,40201.6,41766.5,19819.4,38.9,87506.2,12120235.5,11639429.8,9278413.5,0.2813,0.7187,0.4895,0.4883,0.0701,0.1325,0.3091
2022,Changchun,Tier-2,89,40744.2,46939.5,24694.0,828.7,80899.0,5899488.4,7304968.1,2414918.7,0.3455,0.6545,0.2326,0.5393,0.0225,0.0674,0.3708
2022,Changsha,New Tier-1,133,45219.4,41672.1,26142.9,38.5,96265.5,8764464.0,10583014.4,4067656.2,0.3314,0.6686,0.3509,0.5188,0.0526,0.203,0.2256
2022,Changzhou,Tier-2,43,25721.2,28505.4,14065.3,1444.3,48598.4,1701100.3,1910752.2,556971.3,0.3104,0.6896,0.0592,0.0,0.2558,0.0,0.7442
2022,Chengdu,New Tier-1,283,49743.1,48450.9,30014.6,878.3,118662.6,15549236.6,17148962.6,10956523.5,0.346,0.654,0.6311,0.5442,0.1131,0.1343,0.2085
2022,Chongqing,New Tier-1,230,44088.2,43410.5,28955.6,352.7,117546.8,9554566.5,10428097.5,6845563.7,0.3743,0.6257,0.3835,0.4609,0.1,0.1435,0.2957
2022,Dalian,Tier-2,86,37125.7,33873.8,25602.5,326.2,93486.1,2880253.0,3046629.1,2104346.8,0.3919,0.6081,0.1079,0.0,0.4651,0.0,0.5349
2022,Dongguan,New Tier-1,15,34629.1,35140.7,11798.4,8686.7,51574.9,547758.5,574723.7,120539.0,0.1833,0.8167,0.0116,0.0,0.4667,0.0,0.5333
2022,Foshan,New Tier-1,51,25642.7,25639.3,15467.5,3845.7,61846.5,1540742.9,1670469.3,653480.9,0.3407,0.6593,0.0526,0.0,0.2745,0.0,0.7255
2022,Fuzhou,Tier-2,78,42430.1,36771.6,31267.2,1986.3,116171.3,4063442.1,5092189.1,2088883.2,0.4103,0.5897,0.1567,0.0256,0.4487,0.0,0.5256
2022,Guangzhou,Tier-1,288,47135.2,37330.1,39236.1,0.0,141351.0,10983036.2,7221964.9,10305004.3,0.4353,0.5647,0.4425,0.441,0.059,0.066,0.434
2022,Guiyang,Tier-2,55,51227.1,42089.3,36424.5,3973.8,141108.6,4144187.4,4574828.3,1297266.9,0.3809,0.6191,0.1601,0.0,0.5455,0.0,0.4545
2022,Hangzhou,New Tier-1,293,28177.2,23605.2,20183.1,0.0,81365.5,7032319.4,5392236.2,6222257.4,0.383,0.617,0.2793,0.3106,0.0444,0.1638,0.4812
2022,Harbin,Tier-2,67,60056.6,63623.1,31600.9,702.0,111910.5,6379514.8,7369437.2,2502532.6,0.2993,0.7007,0.2524,0.6716,0.0597,0.0597,0.209
2022,Hefei,Tier-2,142,36845.0,33998.4,26416.7,907.2,94682.5,7435221.1,8305547.0,3880958.4,0.4087,0.5913,0.296,0.4296,0.0211,0.1972,0.3521
2022,Hohhot,Tier-3,43,31576.6,31920.5,17446.1,5597.2,62029.6,2403435.2,2631766.0,513998.8,0.3138,0.6862,0.0882,0.0,0.3953,0.0,0.6047
2022,Jinan,Tier-2,40,26668.5,24860.0,18966.4,1883.6,62358.1,1001061.7,1171796.0,531794.3,0.3996,0.6004,0.0303,0.0,0.325,0.0,0.675
2022,Kunming,Tier-2,103,42113.9,41897.4,24966.3,3498.9,85642.3,6702093.9,8407786.3,3389108.1,0.3393,0.6607,0.2657,0.5146,0.0194,0.1553,0.3107
2022,Lanzhou,Tier-3,20,73450.9,67414.5,25202.1,25409.0,117497.1,2084542.5,2164604.8,571694.0,0.1864,0.8136,0.075,0.0,0.9,0.0,0.1
2022,Luoyang,Tier-3,33,39856.9,45843.5,18700.8,2152.7,72089.4,2395298.0,2581635.8,479239.8,0.2615,0.7385,0.0879,0.0,0.6364,0.0,0.3636
2022,Nanchang,Tier-2,94,44621.8,39515.4,29257.8,1260.6,101099.8,7013966.6,9037740.2,3429716.8,0.3744,0.6256,0.2786,0.4894,0.0319,0.2128,0.266
2022,Nanjing,New Tier-1,203,25705.9,23711.7,20615.5,99.3,86897.2,3600440.6,2847123.7,2895522.3,0.44,0.56,0.1376,0.1921,0.0493,0.1133,0.6453
2022,Nanning,Tier-2,96,45123.2,43157.6,26710.3,4371.6,106165.1,6749263.0,7174659.9,2248103.5,0.3355,0.6645,0.2677,0.5,0.0625,0.1146,0.3229
2022,Nantong,Tier-3,28,22629.3,20976.4,13655.2,3018.4,48635.7,871936.3,1004071.0,289633.4,0.3394,0.6606,0.0249,0.0,0.2143,0.0,0.7857
2022,Ningbo,New Tier-1,119,27354.2,24535.0,16228.2,1214.7,69558.8,4508607.5,5563189.3,2247564.8,0.3348,0.6652,0.1751,0.2185,0.0252,0.0588,0.6975
2022,Qingdao,New Tier-1,144,28319.0,23802.8,22844.2,49.7,78614.4,3430493.9,2952520.7,3033386.7,0.4557,0.5443,0.1306,0.2083,0.125,0.0625,0.6042
2022,Shanghai,Tier-1,408,50402.1,44258.5,31005.1,1217.5,129480.2,24482479.1,24940141.2,18382392.8,0.3499,0.6501,1.0,0.5343,0.0343,0.201,0.2304
2022,Shaoxing,Tier-3,5,7205.2,5353.0,4524.3,2098.6,13741.8,631443.6,669781.4,98057.5,0.3071,0.6929,0.015,0.0,0.0,0.0,1.0
2022,Shenyang,New Tier-1,123,32532.9,25526.9,23184.5,1741.7,79502.2,4898651.8,5601937.2,2240750.8,0.4012,0.5988,0.1912,0.3089,0.0569,0.0976,0.5366
2022,Shenzhen,Tier-1,316,67981.3,68608.3,33951.5,655.1,161301.8,14183006.2,11936076.5,9930125.1,0.2835,0.7165,0.5747,0.5918,0.1994,0.0759,0.1329
2022,Shijiazhuang,Tier-2,61,50130.5,56702.7,26561.4,3890.0,89947.6,4931408.2,5953138.3,1895594.4,0.2984,0.7016,0.1926,0.2787,0.4098,0.0,0.3115
2022,Suzhou,New Tier-1,181,24420.1,22795.6,15387.6,1122.0,63823.5,4691118.3,5579866.7,2743538.3,0.3561,0.6439,0.1827,0.1989,0.0,0.2486,0.5525
2022,Taiyuan,Tier-2,23,64760.5,70150.1,25248.1,5548.8,99458.0,2159463.0,2271455.7,568671.1,0.212,0.788,0.0781,0.0,0.8696,0.0,0.1304
2022,Tianjin,New Tier-1,184,42442.3,41145.2,28223.7,237.3,112448.7,11368940.2,13593882.2,5584789.8,0.3799,0.6201,0.4584,0.5272,0.0054,0.25,0.2174
2022,Urumqi,Tier-3,21,55873.6,62488.1,20925.8,17965.5,88329.3,1802794.8,1881258.8,435756.4,0.2078,0.7922,0.0634,0.0,0.7143,0.0,0.2857
2022,Wenzhou,Tier-3,18,17032.2,13786.3,13680.9,0.1,39042.8,268053.9,269044.5,124387.9,0.4432,0.5568,0.0,0.0,0.0556,0.0,0.9444
2022,Wuhan,New Tier-1,295,40425.8,38587.9,27856.6,0.0,97314.4,9443590.0,8716886.6,6751947.6,0.3934,0.6066,0.3789,0.4542,0.0576,0.1254,0.3627
2022,Wuhu,Tier-3,35,30132.8,23724.3,20368.5,3094.9,65932.4,1658097.8,1944683.3,575733.9,0.3724,0.6276,0.0574,0.0,0.3143,0.0,0.6857
2022,Wuxi,Tier-2,79,31859.6,31546.3,17487.6,2418.1,70954.6,4190234.7,4852291.6,1437437.8,0.3105,0.6895,0.162,0.0,0.3797,0.0,0.6203
2022,Xiamen,Tier-2,70,44105.9,36000.3,32026.4,2068.4,106397.2,4208086.8,5635408.2,2545521.9,0.4107,0.5893,0.1627,0.3,0.1429,0.0143,0.5429
2022,Xian,New Tier-1,173,46540.3,40736.6,32926.7,2118.4,113422.2,8705067.0,9645334.6,5986388.3,0.4031,0.5969,0.3484,0.5376,0.0173,0.0751,0.3699
2022,Xuzhou,Tier-3,53,34249.4,35034.9,19721.6,1367.4,71175.3,3291925.0,3631387.2,820303.0,0.3278,0.6722,0.1249,0.0,0.4151,0.0,0.5849
2022,Zhengzhou,New Tier-1,148,48472.5,43314.2,31979.2,1399.8,114017.5,9175742.2,10694891.7,4939805.9,0.377,0.623,0.3679,0.5203,0.0338,0.1757,0.2703
2023,Beijing,Tier-1,400,40086.3,41655.7,19774.2,38.8,87398.2,12620553.9,12033000.8,9636054.2,0.2817,0.7183,0.5137,0.4975,0.075,0.13,0.2975
2023,Changchun,Tier-2,94,39839.1,46630.7,24911.9,827.9,80809.1,6029421.1,7457877.1,2483269.2,0.3564,0.6436,0.2428,0.5319,0.0319,0.0638,0.3723
2023,Changsha,New Tier-1,134,44956.2,41062.1,26122.6,38.4,96145.5,8705369.5,10505134.6,4093076.9,0.333,0.667,0.3527,0.5149,0.0597,0.194,0.2313
2023,Changzhou,Tier-2,43,25688.9,28467.8,14048.0,1447.0,48540.7,1698967.7,1908359.6,556272.5,0.3104,0.6896,0.0648,0.0,0.2791,0.0,0.7209
2023,Chengdu,New Tier-1,297,48106.1,46208.3,30442.0,876.8,118504.3,14977909.4,15718143.5,11024804.2,0.3629,0.6371,0.6105,0.532,0.1145,0.1212,0.2323
2023,Chongqing,New Tier-1,257,42706.2,40729.2,29432.6,276.0,117373.8,10940935.3,11758480.3,7872255.3,0.3919,0.6081,0.4446,0.463,0.0895,0.1479,0.2996
2023,Chuzhou,Tier-3,10,10976.9,5677.0,11823.3,308.6,36408.0,122609.4,134844.0,51142.1,0.5384,0.4616,0.0,0.0,0.1,0.0,0.9
2023,Dalian,Tier-2,86,37079.4,33832.3,25570.9,325.7,93374.7,2876680.0,3042856.0,2101735.8,0.3919,0.6081,0.1132,0.0,0.4651,0.0,0.5349
2023,Dongguan,New Tier-1,15,34587.5,35094.3,11784.5,8679.3,51514.1,547101.6,574025.3,120396.2,0.1833,0.8167,0.0174,0.0,0.4667,0.0,0.5333
2023,Foshan,New Tier-1,51,25610.8,25604.4,15448.5,3840.1,61777.7,1538787.5,1668298.1,652597.9,0.3407,0.6593,0.0582,0.0,0.2941,0.0,0.7059
2023,Fuzhou,Tier-2,94,44749.7,37658.4,31408.8,1984.9,118240.7,5913795.5,7498836.8,2856188.3,0.3931,0.6069,0.238,0.4681,0.0745,0.1383,0.3191
2023,Guangzhou,Tier-1,300,46352.0,36330.8,38893.3,0.0,141207.7,10909895.4,6027085.2,10279418.6,0.4391,0.5609,0.4434,0.43,0.0733,0.0667,0.43
2023,Guiyang,Tier-2,82,47804.0,38438.2,34157.5,3969.4,140923.8,5195676.2,6379441.9,2488214.0,0.3809,0.6191,0.2085,0.4024,0.1341,0.1098,0.3537
2023,Hangzhou,New Tier-1,296,28085.4,23532.4,20255.3,0.0,81269.2,7135750.7,5542118.5,6247859.6,0.3861,0.6139,0.2882,0.3243,0.0473,0.1554,0.473
2023,Harbin,Tier-2,71,60685.2,65485.7,30785.3,703.4,111776.2,6913861.5,8085702.7,2619238.7,0.2878,0.7122,0.2791,0.7042,0.0563,0.0423,0.1972
2023,Hefei,Tier-2,161,34702.6,29383.1,26210.2,906.1,94570.1,6883557.3,7592927.1,4155210.0,0.4286,0.5714,0.2779,0.4099,0.0373,0.1677,0.3851
2023,Hohhot,Tier-3,43,31538.7,31881.4,17427.3,5591.0,61959.8,2400576.2,2628644.7,513385.4,0.3138,0.6862,0.0936,0.0,0.4419,0.0,0.5581
2023,Jinan,Tier-2,41,26261.5,22879.2,18859.1,1881.5,62285.0,1008678.7,1135940.2,527778.0,0.4033,0.5967,0.0364,0.0,0.3171,0.0,0.6829
2023,Kunming,Tier-2,103,42061.3,41845.5,24935.8,3491.5,85531.0,6693788.4,8397413.8,3384902.6,0.3393,0.6607,0.2701,0.5146,0.0194,0.1553,0.3107
2023,Lanzhou,Tier-3,27,79936.8,79692.6,25497.9,25374.5,118465.9,3559569.8,4057525.8,1192255.8,0.1755,0.8245,0.1413,0.0,0.9259,0.0,0.0741
2023,Luoyang,Tier-3,33,39809.0,45794.3,18679.0,2154.0,72010.0,2392414.8,2578546.4,478668.8,0.2615,0.7385,0.0933,0.0,0.6364,0.0,0.3636
2023,Nanchang,Tier-2,94,44566.5,39463.8,29224.5,1258.2,100975.7,7005386.7,9026653.1,3425616.3,0.3745,0.6255,0.2829,0.5,0.0319,0.2021,0.266
2023,Nanjing,New Tier-1,209,25886.7,23787.4,20458.9,101.7,86206.1,3871921.6,3406212.5,3061679.4,0.4345,0.5655,0.1541,0.2057,0.0526,0.1244,0.6172
2023,Nanning,Tier-2,96,45069.4,43102.6,26681.4,4364.6,106044.0,6741412.1,7166221.9,2245480.3,0.3355,0.6645,0.272,0.5,0.0625,0.1146,0.3229
2023,Nantong,Tier-3,43,22719.3,20246.1,12734.6,3015.6,48573.9,1610970.3,1836901.2,482579.7,0.3169,0.6831,0.0612,0.0,0.2093,0.0,0.7907
2023,Ningbo,New Tier-1,119,27321.1,24501.6,16210.9,1216.2,69481.1,4503257.6,5556658.8,2244918.2,0.3349,0.6651,0.18,0.2017,0.0588,0.0336,0.7059
2023,Qingdao,New Tier-1,148,28949.6,24073.7,22899.8,49.6,78524.6,3526230.7,2979866.1,3084605.3,0.4484,0.5516,0.1399,0.2162,0.1689,0.0608,0.5541
2023,Shanghai,Tier-1,408,50349.1,44201.3,30952.3,1215.8,129301.8,24453676.3,24908015.1,18355934.6,0.3496,0.6504,1.0,0.5466,0.0368,0.1863,0.2304
2023,Shaoxing,Tier-3,13,6899.0,5346.0,4010.5,2095.8,13724.2,675475.1,673629.0,131099.5,0.3113,0.6887,0.0227,0.0,0.0,0.0,1.0
2023,Shenyang,New Tier-1,149,31708.1,25106.8,23320.8,853.7,79410.6,5884824.7,6643570.5,2806965.7,0.4139,0.5861,0.2368,0.349,0.0201,0.1611,0.4698
2023,Shenzhen,Tier-1,320,67238.5,67600.9,34220.5,654.1,161124.8,14009128.9,11833203.2,9956114.5,0.2891,0.7109,0.5707,0.5906,0.2,0.0688,0.1406
2023,Shijiazhuang,Tier-2,61,50068.5,56631.3,26531.2,3885.8,89843.2,4925366.7,5945872.5,1893307.5,0.2984,0.7016,0.1974,0.1311,0.5574,0.0,0.3115
2023,Suzhou,New Tier-1,211,23170.9,21989.4,15007.9,1120.7,63743.9,4154235.4,3988722.8,2859493.4,0.3641,0.6359,0.1657,0.1848,0.0047,0.1848,0.6256
2023,Taiyuan,Tier-2,23,64683.5,70073.1,25219.5,5538.9,99330.7,2156907.5,2268729.0,568004.1,0.212,0.788,0.0836,0.0,0.8696,0.0,0.1304
2023,Tianjin,New Tier-1,195,41268.5,39357.9,27900.0,237.0,112300.2,11394468.6,13489152.0,5609438.1,0.3851,0.6149,0.4633,0.5128,0.0051,0.2513,0.2308
2023,Urumqi,Tier-3,21,55806.8,62413.8,20903.7,17942.6,88213.7,1800643.6,1879078.7,435263.7,0.2079,0.7921,0.069,0.0,0.8095,0.0,0.1905
2023,Wenzhou,Tier-3,36,17177.5,15522.1,12048.0,0.1,43241.9,306562.3,288093.9,113339.6,0.3917,0.6083,0.0076,0.0,0.1111,0.0,0.8889
2023,Wuhan,New Tier-1,302,39766.0,37330.2,27801.4,0.0,97193.6,9782383.0,9067524.3,6753853.1,0.3988,0.6012,0.397,0.4702,0.043,0.1457,0.3411
2023,Wuhu,Tier-3,35,30094.9,23696.9,20344.1,3090.6,65849.3,1656032.7,1942271.5,575023.0,0.3724,0.6276,0.063,0.0,0.3143,0.0,0.6857
2023,Wuxi,Tier-2,79,31820.0,31508.2,17467.4,2414.9,70871.0,4185065.2,4846325.2,1435669.7,0.3105,0.6895,0.167,0.0,0.4051,0.0,0.5949
2023,Xiamen,Tier-2,72,42899.7,35606.4,32270.8,1874.8,106267.5,4137736.1,5632029.0,2546727.0,0.4247,0.5753,0.165,0.1528,0.3333,0.0139,0.5
2023,Xian,New Tier-1,195,43441.7,37740.9,32371.9,2116.0,113287.7,8018089.2,7805611.2,5979046.6,0.4207,0.5793,0.3245,0.4821,0.0359,0.0564,0.4256
2023,Xuzhou,Tier-3,53,34208.0,34994.9,19699.0,1364.6,71095.0,3287973.8,3627022.1,819320.7,0.3278,0.6722,0.1301,0.0,0.4717,0.0,0.5283
2023,Zhengzhou,New Tier-1,193,39833.4,31283.8,33032.1,0.0,113910.8,8427435.4,10094583.5,6074331.4,0.4342,0.5658,0.3413,0.4352,0.0311,0.1451,0.3886
2024,Beijing,Tier-1,416,39995.8,41249.5,19591.6,38.6,87201.6,13647640.4,12749805.5,10317687.3,0.2797,0.7203,0.5567,0.5048,0.0745,0.137,0.2837
2024,Changchun,Tier-2,94,39755.4,46537.4,24862.7,826.2,80647.0,6016915.4,7442411.3,2478162.7,0.3565,0.6435,0.2426,0.5426,0.0319,0.0532,0.3723
2024,Changsha,New Tier-1,143,42614.3,39710.7,26751.3,0.0,95928.5,8259232.4,9913897.5,4362825.1,0.3504,0.6496,0.3349,0.4895,0.0559,0.1818,0.2727
2024,Changzhou,Tier-2,43,25629.6,28399.7,14016.8,1443.9,48434.8,1695058.5,1903981.8,554994.9,0.3104,0.6896,0.0647,0.0,0.2791,0.0,0.7209
2024,Chengdu,New Tier-1,299,47840.2,45753.7,30339.0,873.9,118219.8,14937762.8,15659289.2,10980404.8,0.3636,0.6364,0.6098,0.5318,0.1137,0.1204,0.2341
2024,Chongqing,New Tier-1,257,42614.1,40623.0,29366.4,279.5,117055.7,10916938.9,11733266.3,7854888.6,0.3919,0.6081,0.4443,0.4669,0.0895,0.144,0.2996
2024,Chuzhou,Tier-3,10,10951.9,5663.2,11796.4,307.9,36323.4,122332.9,134542.5,51033.1,0.5384,0.4616,0.0,0.0,0.1,0.0,0.9
2024,Dalian,Tier-2,86,36994.6,33755.6,25513.2,325.1,93168.1,2870129.5,3035937.8,2096939.3,0.3919,0.6081,0.1131,0.0,0.4767,0.0,0.5233
2024,Dongguan,New Tier-1,15,34512.0,35010.0,11756.6,8680.5,51402.6,545907.3,572743.4,120136.5,0.1833,0.8167,0.0174,0.0,0.4667,0.0,0.5333
2024,Foshan,New Tier-1,63,24566.5,24008.2,15452.7,2228.4,61652.8,1640288.0,1754556.8,833802.7,0.3552,0.6448,0.0625,0.0,0.2857,0.0,0.7143
2024,Fuzhou,Tier-2,94,44649.2,37574.6,31339.8,1982.1,117972.5,5900500.7,7482049.7,2849788.3,0.3931,0.6069,0.2378,0.4787,0.0745,0.117,0.3298
2024,Guangzhou,Tier-1,318,47108.8,38756.5,38449.6,0.0,140947.9,13117122.7,9629926.2,12093384.3,0.4296,0.5704,0.5349,0.4591,0.0723,0.0597,0.4088
2024,Guiyang,Tier-2,82,47699.2,38346.9,34079.5,3960.4,140583.8,5184199.5,6365335.0,2482729.8,0.3809,0.6191,0.2084,0.3537,0.1829,0.0976,0.3659
2024,Hangzhou,New Tier-1,296,28022.1,23478.7,20212.1,0.0,81094.8,7119969.2,5529847.7,6234180.6,0.3862,0.6138,0.288,0.3311,0.0507,0.1453,0.473
2024,Harbin,Tier-2,78,61178.7,65526.4,29619.4,700.4,111531.3,7998603.1,9268925.3,2778259.0,0.274,0.726,0.3242,0.7692,0.0128,0.0385,0.1795
2024,Hefei,Tier-2,171,33861.9,28658.2,25813.1,903.6,94366.3,6864915.0,7334794.5,4358543.3,0.4315,0.5685,0.2775,0.3918,0.0351,0.1696,0.4035
2024,Hohhot,Tier-3,43,31469.5,31809.9,17393.2,5579.1,61832.4,2395355.8,2622956.4,512266.1,0.3139,0.6861,0.0936,0.0,0.4419,0.0,0.5581
2024,Jinan,Tier-2,45,24374.1,22151.6,18916.5,1729.5,62151.3,942069.1,995401.3,551380.3,0.4325,0.5675,0.0337,0.0,0.2889,0.0,0.7111
2024,Kunming,Tier-2,103,41966.3,41751.0,24881.0,3476.9,85329.7,6678805.1,8378707.7,3377319.1,0.3393,0.6607,0.2699,0.5146,0.0291,0.1553,0.301
2024,Lanzhou,Tier-3,27,79757.4,79521.7,25442.5,25309.0,118190.2,3551557.1,4048400.0,1189587.2,0.1755,0.8245,0.1412,0.0,0.9259,0.0,0.0741
2024,Luoyang,Tier-3,33,39721.4,45705.4,18639.3,2147.5,71864.0,2387148.4,2572887.0,477623.7,0.2615,0.7385,0.0932,0.0,0.6364,0.0,0.3636
2024,Nanchang,Tier-2,94,44466.4,39371.6,29164.9,1253.4,100753.6,6989870.5,9006604.0,3418227.4,0.3746,0.6254,0.2827,0.5106,0.0319,0.1915,0.266
2024,Nanjing,New Tier-1,221,27070.2,24014.8,21086.5,101.5,86022.4,4471780.2,3818488.9,3485548.6,0.4314,0.5686,0.179,0.2353,0.0588,0.1267,0.5792
2024,Nanning,Tier-2,96,44972.3,43001.1,26630.7,4350.4,105831.2,6727294.8,7151022.9,2240784.8,0.3356,0.6644,0.2719,0.4896,0.0729,0.1146,0.3229
2024,Nantong,Tier-3,43,22665.7,20195.9,12706.9,3009.9,48462.9,1607222.8,1832657.7,481478.2,0.317,0.683,0.0611,0.0,0.2093,0.0,0.7907
2024,Ningbo,New Tier-1,122,27252.8,24902.5,15978.3,1219.2,69339.2,4491499.5,5543605.4,2266623.2,0.3305,0.6695,0.1798,0.1148,0.1475,0.0246,0.7131
2024,Qingdao,New Tier-1,171,27168.5,22465.2,22146.1,49.3,78357.4,3416364.2,1803772.4,3040993.6,0.4591,0.5409,0.1356,0.1871,0.1579,0.0526,0.6023
2024,Shanghai,Tier-1,410,50023.2,44073.6,30950.7,1212.4,128975.3,24416650.4,24853370.9,18413226.1,0.3519,0.6481,1.0,0.5488,0.039,0.1829,0.2293
2024,Shaoxing,Tier-3,13,6882.4,5332.5,4000.0,2090.8,13691.3,673920.1,672046.6,130793.1,0.3112,0.6888,0.0227,0.0,0.0,0.0,1.0
2024,Shenyang,New Tier-1,162,30035.6,23519.7,23139.1,748.6,79242.1,5739238.3,6068103.2,3001032.0,0.4307,0.5693,0.2312,0.321,0.0247,0.1605,0.4938
2024,Shenzhen,Tier-1,335,66422.9,66503.3,34011.1,652.1,160800.3,14301113.2,12533449.6,10022828.1,0.2909,0.7091,0.5836,0.5612,0.2299,0.0716,0.1373
2024,Shijiazhuang,Tier-2,61,49955.3,56500.6,26476.2,3876.9,89651.3,4914323.1,5932591.8,1889124.1,0.2985,0.7015,0.1972,0.0,0.7213,0.0,0.2787
2024,Suzhou,New Tier-1,267,23237.8,21780.8,14500.2,1118.0,63599.5,6163471.1,7017122.3,3828242.8,0.3502,0.6498,0.2487,0.1873,0.0112,0.3296,0.4719
2024,Taiyuan,Tier-2,23,64544.4,69932.1,25168.7,5520.7,99102.9,2152296.8,2263812.8,566805.3,0.2121,0.7879,0.0836,0.0,0.8696,0.0,0.1304
2024,Tianjin,New Tier-1,205,41629.1,40156.1,27832.8,236.3,112031.1,12409827.1,14870848.9,6108979.8,0.3819,0.6181,0.5058,0.5317,0.0049,0.2488,0.2146
2024,Urumqi,Tier-3,21,55686.3,62282.6,20864.3,17900.8,88005.5,1796774.1,1875159.4,434375.7,0.2079,0.7921,0.0689,0.0,0.8095,0.0,0.1905
2024,Wenzhou,Tier-3,36,17138.4,15488.1,12020.9,0.1,43141.7,305858.4,287410.4,113076.2,0.3917,0.6083,0.0076,0.0,0.1111,0.0,0.8889
2024,Wuhan,New Tier-1,309,39899.7,38061.5,27797.4,0.0,96974.6,10099420.6,9849544.0,7019032.4,0.3976,0.6024,0.4107,0.4887,0.0356,0.1489,0.3269
2024,Wuhu,Tier-3,35,30027.0,23647.2,20298.7,3089.3,65698.6,1652316.1,1937927.0,573742.6,0.3724,0.6276,0.063,0.0,0.3429,0.0,0.6571
2024,Wuxi,Tier-2,88,29535.6,27933.4,18055.6,1731.9,70717.3,3777604.6,4753023.5,1826060.6,0.3457,0.6543,0.1505,0.0,0.3636,0.0,0.6364
2024,Xiamen,Tier-2,72,42801.5,35515.8,32200.2,1869.7,106029.9,4128349.1,5619249.8,2540977.2,0.4248,0.5752,0.1649,0.0694,0.4444,0.0,0.4861
2024,Xian,New Tier-1,215,40872.4,35150.0,31968.4,2070.4,113042.2,7756316.9,7374887.5,6058493.7,0.4377,0.5623,0.3142,0.4512,0.0419,0.0651,0.4419
2024,Xuzhou,Tier-3,57,33262.2,34400.7,19612.6,1359.2,70947.4,3366458.7,3715121.2,906599.9,0.3356,0.6644,0.1335,0.0,0.4737,0.0,0.5263
2024,Zhengzhou,New Tier-1,202,40985.9,33823.3,33523.1,0.0,113721.3,9496498.6,11190382.6,6687906.5,0.4307,0.5693,0.3859,0.4505,0.0297,0.1733,0.3465
2025,Beijing,Tier-1,416,39909.4,41159.8,19548.7,38.3,87015.2,13684530.1,12726668.1,10353366.7,0.2797,0.7203,0.5595,0.5072,0.0745,0.1346,0.2837
2025,Changchun,Tier-2,98,38291.4,44126.8,25257.9,443.1,80496.4,5846453.4,7304827.1,2602399.1,0.3763,0.6237,0.2361,0.5204,0.0306,0.051,0.398
2025,Changsha,New Tier-1,143,42526.0,39634.5,26694.9,0.0,95726.3,8242182.7,9893521.0,4353783.3,0.3503,0.6497,0.335,0.4825,0.0629,0.1818,0.2727
2025,Changzhou,Tier-2,43,25574.4,28335.8,13986.8,1440.9,48335.2,1691403.6,1899905.7,553789.5,0.3105,0.6895,0.0647,0.0,0.2791,0.0,0.7209
2025,Chengdu,New Tier-1,305,47614.6,45659.3,30152.5,871.2,117956.1,15581345.3,16712892.4,11448146.6,0.3631,0.6369,0.6377,0.5311,0.1148,0.1213,0.2328
2025,Chongqing,New Tier-1,266,41616.3,38835.3,29363.8,278.2,116756.0,10577436.0,10787405.8,7924367.1,0.4008,0.5992,0.4313,0.4511,0.0902,0.1391,0.3195
2025,Chuzhou,Tier-3,10,10931.5,5656.8,11770.1,307.2,36246.0,122102.9,134307.8,50946.8,0.5382,0.4618,0.0,0.0,0.1,0.0,0.9
2025,Dalian,Tier-2,86,36917.5,33700.2,25458.2,324.0,92971.4,2864112.5,3029580.7,2092506.6,0.3919,0.6081,0.1131,0.0,0.4767,0.0,0.5233
2025,Dongguan,New Tier-1,15,34443.0,34931.0,11732.7,8659.4,51298.5,544826.6,571643.3,119929.3,0.1833,0.8167,0.0174,0.0,0.4667,0.0,0.5333
2025,Foshan,New Tier-1,63,24512.6,23949.8,15421.8,2227.1,61537.1,1636667.3,1750582.9,831914.2,0.3553,0.6447,0.0625,0.0,0.2857,0.0,0.7143
2025,Fuzhou,Tier-2,94,44554.4,37494.6,31275.1,1975.5,117720.6,5887951.0,7466192.8,2843741.0,0.3931,0.6069,0.2379,0.4681,0.0851,0.117,0.3298
2025,Guangzhou,Tier-1,342,47874.6,40316.8,37698.8,0.0,140705.3,15271789.4,14950629.3,13443575.6,0.4169,0.5831,0.625,0.4883,0.0614,0.076,0.3743
2025,Guiyang,Tier-2,82,47608.4,38302.3,34004.4,3951.0,140266.9,5174019.9,6352677.7,2477683.3,0.3808,0.6192,0.2084,0.3415,0.1951,0.0976,0.3659
2025,Hangzhou,New Tier-1,298,27939.2,23428.5,20106.4,0.0,80933.6,7140497.3,5595538.2,6218023.9,0.3853,0.6147,0.2895,0.3289,0.0503,0.1477,0.4732
2025,Harbin,Tier-2,78,61053.3,65383.5,29556.7,701.7,111301.1,7982085.4,9249739.7,2772497.0,0.274,0.726,0.3242,0.7692,0.0128,0.0385,0.1795
2025,Hefei,Tier-2,171,33796.9,28594.2,25763.4,901.1,94176.5,6851589.4,7320213.9,4350046.1,0.4315,0.5685,0.2776,0.386,0.0409,0.1696,0.4035
2025,Hohhot,Tier-3,43,31404.9,31746.0,17361.7,5568.9,61713.7,2390491.5,2617664.8,511223.4,0.314,0.686,0.0936,0.0,0.4419,0.0,0.5581
2025,Jinan,Tier-2,45,24325.4,22101.1,18876.9,1724.7,62027.1,940146.2,993330.8,550234.4,0.4324,0.5676,0.0337,0.0,0.2889,0.0,0.7111
2025,Kunming,Tier-2,103,41878.8,41662.4,24828.8,3462.0,85141.0,6664920.6,8361382.5,3370195.6,0.3393,0.6607,0.2699,0.5243,0.0291,0.1359,0.3107
2025,Lanzhou,Tier-3,27,79591.6,79364.1,25393.2,25244.4,117935.0,3544158.3,4039996.7,1187144.0,0.1755,0.8245,0.1412,0.0,0.9259,0.0,0.0741
2025,Luoyang,Tier-3,33,39641.1,45624.1,18601.0,2141.2,71726.7,2382284.5,2567692.0,476668.7,0.2615,0.7385,0.0932,0.0,0.6364,0.0,0.3636
2025,Nanchang,Tier-2,109,40898.4,35319.9,28915.8,737.5,100546.1,6999659.9,8953894.2,3592510.9,0.4016,0.5984,0.2837,0.4771,0.0275,0.1835,0.3119
2025,Nanjing,New Tier-1,236,28191.8,24834.7,21815.0,101.4,85880.7,5678150.7,5070387.7,4391895.6,0.4306,0.5694,0.2292,0.2712,0.0424,0.1864,0.5
2025,Nanning,Tier-2,96,44888.9,42905.9,26580.0,4351.3,105638.4,6714955.7,7137363.8,2236553.1,0.3356,0.6644,0.272,0.4896,0.0833,0.0938,0.3333
2025,Nantong,Tier-3,43,22615.6,20146.9,12681.6,3003.9,48361.0,1603721.0,1828702.1,480452.2,0.317,0.683,0.0611,0.0,0.2093,0.0,0.7907
2025,Ningbo,New Tier-1,123,26990.9,24458.0,16046.0,1215.5,69208.3,4455946.0,5535195.6,2273015.2,0.3352,0.6648,0.1788,0.065,0.2033,0.0163,0.7154
2025,Qingdao,New Tier-1,171,27111.3,22420.3,22097.5,49.0,78199.5,3409066.6,1800315.6,3034359.1,0.459,0.541,0.1356,0.1871,0.1579,0.0468,0.6082
2025,Shanghai,Tier-1,410,49914.6,43976.3,30882.9,1208.9,128667.2,24363213.0,24797699.0,18372780.5,0.3519,0.6481,1.0,0.5537,0.039,0.178,0.2293
2025,Shaoxing,Tier-3,14,7415.5,5855.1,4350.2,2086.2,14555.2,683148.4,679640.4,138805.5,0.3173,0.6827,0.0231,0.0,0.0,0.0,1.0
2025,Shenyang,New Tier-1,163,29869.2,22977.5,23058.3,750.3,79082.6,5707286.5,6064762.1,3002284.2,0.4312,0.5688,0.2304,0.319,0.0245,0.1595,0.4969
2025,Shenzhen,Tier-1,347,65426.2,65009.9,34280.0,650.0,160495.7,14147225.1,12210780.5,10070008.9,0.2975,0.7025,0.5786,0.5476,0.2334,0.0692,0.1499
2025,Shijiazhuang,Tier-2,61,49849.3,56378.5,26423.8,3874.5,89468.6,4903957.9,5920094.3,1885170.3,0.2985,0.7015,0.1973,0.0,0.7213,0.0,0.2787
2025,Suzhou,New Tier-1,267,23187.5,21728.8,14470.4,1117.1,63466.2,6150280.6,7001705.8,3820156.3,0.3502,0.6498,0.2487,0.1873,0.0112,0.3258,0.4757
2025,Taiyuan,Tier-2,23,64417.6,69799.2,25116.8,5533.2,98892.0,2148069.9,2259367.8,565662.2,0.2121,0.7879,0.0836,0.0,0.8696,0.0,0.1304
2025,Tianjin,New Tier-1,222,40909.4,38854.7,27742.4,246.6,111777.6,12974050.7,15459908.9,6636623.1,0.3865,0.6135,0.5302,0.518,0.0045,0.2568,0.2207
2025,Urumqi,Tier-3,21,55575.8,62162.5,20829.1,17861.4,87815.4,1793234.6,1871590.0,433565.6,0.208,0.792,0.0689,0.0,0.8095,0.0,0.1905
2025,Wenzhou,Tier-3,36,17105.1,15463.4,11993.2,0.0,43046.8,305247.2,286842.8,112847.6,0.3915,0.6085,0.0076,0.0,0.1111,0.0,0.8889
2025,Wuhan,New Tier-1,309,39816.1,37978.5,27738.6,0.0,96768.1,10077987.4,9829207.5,7003938.0,0.3975,0.6025,0.4107,0.4887,0.0356,0.1392,0.3366
2025,Wuhu,Tier-3,35,29964.7,23600.5,20255.6,3077.9,65557.6,1648900.7,1933939.6,572555.4,0.3724,0.6276,0.063,0.0,0.3429,0.0,0.6571
2025,Wuxi,Tier-2,88,29472.2,27873.7,18018.5,1728.4,70573.2,3769528.7,4742895.3,1822166.0,0.3457,0.6543,0.1505,0.0,0.3636,0.0,0.6364
2025,Xiamen,Tier-2,73,42155.3,35389.6,32258.8,1864.8,105807.1,4068911.2,5603937.8,2555079.1,0.4316,0.5684,0.1628,0.0,0.5068,0.0,0.4932
2025,Xian,New Tier-1,216,40609.5,34548.3,31930.0,2064.7,112808.2,7704410.7,7330180.5,6053642.7,0.4398,0.5602,0.3128,0.4491,0.0417,0.0648,0.4444
2025,Xuzhou,Tier-3,57,33195.1,34332.6,19574.5,1353.8,70809.5,3359719.8,3707680.5,904781.8,0.3357,0.6643,0.1336,0.0,0.4737,0.0,0.5263
2025,Zhengzhou,New Tier-1,202,40903.2,33742.6,33462.8,0.0,113543.3,9477919.5,11168307.8,6675014.4,0.4307,0.5693,0.3859,0.4505,0.0297,0.1634,0.3564
